/home/danielsokil/Lab/HashSource/hashsource_antminer_Lx/bitmain_firmware/ANTMINER-L7-release-202201241601/minerfs.no_header.image_extract/bin/busybox
/home/danielsokil/Lab/HashSource/hashsource_antminer_Lx/bitmain_firmware/ANTMINER-L7-release-202201241601/minerfs.no_header.image_extract/lib/modules/bitmain_axi.ko
/home/danielsokil/Lab/HashSource/hashsource_antminer_Lx/bitmain_firmware/ANTMINER-L7-release-202201241601/minerfs.no_header.image_extract/lib/modules/fpga_mem_driver.ko
/home/danielsokil/Lab/HashSource/hashsource_antminer_Lx/bitmain_firmware/ANTMINER-L7-release-202201241601/minerfs.no_header.image_extract/sbin/halt
/home/danielsokil/Lab/HashSource/hashsource_antminer_Lx/bitmain_firmware/ANTMINER-L7-release-202201241601/minerfs.no_header.image_extract/sbin/id2mac
/home/danielsokil/Lab/HashSource/hashsource_antminer_Lx/bitmain_firmware/ANTMINER-L7-release-202201241601/minerfs.no_header.image_extract/sbin/init
/home/danielsokil/Lab/HashSource/hashsource_antminer_Lx/bitmain_firmware/ANTMINER-L7-release-202201241601/minerfs.no_header.image_extract/sbin/killall5
/home/danielsokil/Lab/HashSource/hashsource_antminer_Lx/bitmain_firmware/ANTMINER-L7-release-202201241601/minerfs.no_header.image_extract/sbin/shutdown
/home/danielsokil/Lab/HashSource/hashsource_antminer_Lx/bitmain_firmware/ANTMINER-L7-release-202201241601/minerfs.no_header.image_extract/usr/bin/FileParser
/home/danielsokil/Lab/HashSource/hashsource_antminer_Lx/bitmain_firmware/ANTMINER-L7-release-202201241601/minerfs.no_header.image_extract/usr/bin/cgminer-api
/home/danielsokil/Lab/HashSource/hashsource_antminer_Lx/bitmain_firmware/ANTMINER-L7-release-202201241601/minerfs.no_header.image_extract/usr/bin/cvtsudoers
/home/danielsokil/Lab/HashSource/hashsource_antminer_Lx/bitmain_firmware/ANTMINER-L7-release-202201241601/minerfs.no_header.image_extract/usr/bin/godminer
/home/danielsokil/Lab/HashSource/hashsource_antminer_Lx/bitmain_firmware/ANTMINER-L7-release-202201241601/minerfs.no_header.image_extract/usr/bin/jq
/home/danielsokil/Lab/HashSource/hashsource_antminer_Lx/bitmain_firmware/ANTMINER-L7-release-202201241601/minerfs.no_header.image_extract/usr/bin/kmod
/home/danielsokil/Lab/HashSource/hashsource_antminer_Lx/bitmain_firmware/ANTMINER-L7-release-202201241601/minerfs.no_header.image_extract/usr/bin/monitor-ipsig
/home/danielsokil/Lab/HashSource/hashsource_antminer_Lx/bitmain_firmware/ANTMINER-L7-release-202201241601/minerfs.no_header.image_extract/usr/bin/monitor-recobtn
/home/danielsokil/Lab/HashSource/hashsource_antminer_Lx/bitmain_firmware/ANTMINER-L7-release-202201241601/minerfs.no_header.image_extract/usr/bin/ntpdate
/home/danielsokil/Lab/HashSource/hashsource_antminer_Lx/bitmain_firmware/ANTMINER-L7-release-202201241601/minerfs.no_header.image_extract/usr/bin/openssl
/home/danielsokil/Lab/HashSource/hashsource_antminer_Lx/bitmain_firmware/ANTMINER-L7-release-202201241601/minerfs.no_header.image_extract/usr/bin/sudo
/home/danielsokil/Lab/HashSource/hashsource_antminer_Lx/bitmain_firmware/ANTMINER-L7-release-202201241601/minerfs.no_header.image_extract/usr/bin/sudoreplay
/home/danielsokil/Lab/HashSource/hashsource_antminer_Lx/bitmain_firmware/ANTMINER-L7-release-202201241601/minerfs.no_header.image_extract/usr/bin/xmlwf
/home/danielsokil/Lab/HashSource/hashsource_antminer_Lx/bitmain_firmware/ANTMINER-L7-release-202201241601/minerfs.no_header.image_extract/usr/lib/libavahi-common.so.3.5.3
/home/danielsokil/Lab/HashSource/hashsource_antminer_Lx/bitmain_firmware/ANTMINER-L7-release-202201241601/minerfs.no_header.image_extract/usr/lib/libavahi-core.so.7.0.2
/home/danielsokil/Lab/HashSource/hashsource_antminer_Lx/bitmain_firmware/ANTMINER-L7-release-202201241601/minerfs.no_header.image_extract/usr/lib/libcrypto.so.1.1
/home/danielsokil/Lab/HashSource/hashsource_antminer_Lx/bitmain_firmware/ANTMINER-L7-release-202201241601/minerfs.no_header.image_extract/usr/lib/libdaemon.so.0.5.0
/home/danielsokil/Lab/HashSource/hashsource_antminer_Lx/bitmain_firmware/ANTMINER-L7-release-202201241601/minerfs.no_header.image_extract/usr/lib/libevent-2.1.so.6.0.2
/home/danielsokil/Lab/HashSource/hashsource_antminer_Lx/bitmain_firmware/ANTMINER-L7-release-202201241601/minerfs.no_header.image_extract/usr/lib/libevent_core-2.1.so.6.0.2
/home/danielsokil/Lab/HashSource/hashsource_antminer_Lx/bitmain_firmware/ANTMINER-L7-release-202201241601/minerfs.no_header.image_extract/usr/lib/libevent_extra-2.1.so.6.0.2
/home/danielsokil/Lab/HashSource/hashsource_antminer_Lx/bitmain_firmware/ANTMINER-L7-release-202201241601/minerfs.no_header.image_extract/usr/lib/libevent_openssl-2.1.so.6.0.2
/home/danielsokil/Lab/HashSource/hashsource_antminer_Lx/bitmain_firmware/ANTMINER-L7-release-202201241601/minerfs.no_header.image_extract/usr/lib/libevent_pthreads-2.1.so.6.0.2
/home/danielsokil/Lab/HashSource/hashsource_antminer_Lx/bitmain_firmware/ANTMINER-L7-release-202201241601/minerfs.no_header.image_extract/usr/lib/libexpat.so.1.6.10
/home/danielsokil/Lab/HashSource/hashsource_antminer_Lx/bitmain_firmware/ANTMINER-L7-release-202201241601/minerfs.no_header.image_extract/usr/lib/libip4tc.so.2.0.0
/home/danielsokil/Lab/HashSource/hashsource_antminer_Lx/bitmain_firmware/ANTMINER-L7-release-202201241601/minerfs.no_header.image_extract/usr/lib/libip6tc.so.2.0.0
/home/danielsokil/Lab/HashSource/hashsource_antminer_Lx/bitmain_firmware/ANTMINER-L7-release-202201241601/minerfs.no_header.image_extract/usr/lib/libiptc.so.0.0.0
/home/danielsokil/Lab/HashSource/hashsource_antminer_Lx/bitmain_firmware/ANTMINER-L7-release-202201241601/minerfs.no_header.image_extract/usr/lib/libkmod.so.2.3.3
/home/danielsokil/Lab/HashSource/hashsource_antminer_Lx/bitmain_firmware/ANTMINER-L7-release-202201241601/minerfs.no_header.image_extract/usr/lib/libssl.so.1.1
/home/danielsokil/Lab/HashSource/hashsource_antminer_Lx/bitmain_firmware/ANTMINER-L7-release-202201241601/minerfs.no_header.image_extract/usr/lib/libxtables.so.12.2.0
/home/danielsokil/Lab/HashSource/hashsource_antminer_Lx/bitmain_firmware/ANTMINER-L7-release-202201241601/minerfs.no_header.image_extract/usr/lib/libz.so.1.2.11
/home/danielsokil/Lab/HashSource/hashsource_antminer_Lx/bitmain_firmware/ANTMINER-L7-release-202201241601/minerfs.no_header.image_extract/usr/lib/lighttpd/mod_access.so
/home/danielsokil/Lab/HashSource/hashsource_antminer_Lx/bitmain_firmware/ANTMINER-L7-release-202201241601/minerfs.no_header.image_extract/usr/lib/lighttpd/mod_accesslog.so
/home/danielsokil/Lab/HashSource/hashsource_antminer_Lx/bitmain_firmware/ANTMINER-L7-release-202201241601/minerfs.no_header.image_extract/usr/lib/lighttpd/mod_alias.so
/home/danielsokil/Lab/HashSource/hashsource_antminer_Lx/bitmain_firmware/ANTMINER-L7-release-202201241601/minerfs.no_header.image_extract/usr/lib/lighttpd/mod_auth.so
/home/danielsokil/Lab/HashSource/hashsource_antminer_Lx/bitmain_firmware/ANTMINER-L7-release-202201241601/minerfs.no_header.image_extract/usr/lib/lighttpd/mod_cgi.so
/home/danielsokil/Lab/HashSource/hashsource_antminer_Lx/bitmain_firmware/ANTMINER-L7-release-202201241601/minerfs.no_header.image_extract/usr/lib/lighttpd/mod_cml.so
/home/danielsokil/Lab/HashSource/hashsource_antminer_Lx/bitmain_firmware/ANTMINER-L7-release-202201241601/minerfs.no_header.image_extract/usr/lib/lighttpd/mod_compress.so
/home/danielsokil/Lab/HashSource/hashsource_antminer_Lx/bitmain_firmware/ANTMINER-L7-release-202201241601/minerfs.no_header.image_extract/usr/lib/lighttpd/mod_dirlisting.so
/home/danielsokil/Lab/HashSource/hashsource_antminer_Lx/bitmain_firmware/ANTMINER-L7-release-202201241601/minerfs.no_header.image_extract/usr/lib/lighttpd/mod_evasive.so
/home/danielsokil/Lab/HashSource/hashsource_antminer_Lx/bitmain_firmware/ANTMINER-L7-release-202201241601/minerfs.no_header.image_extract/usr/lib/lighttpd/mod_evhost.so
/home/danielsokil/Lab/HashSource/hashsource_antminer_Lx/bitmain_firmware/ANTMINER-L7-release-202201241601/minerfs.no_header.image_extract/usr/lib/lighttpd/mod_expire.so
/home/danielsokil/Lab/HashSource/hashsource_antminer_Lx/bitmain_firmware/ANTMINER-L7-release-202201241601/minerfs.no_header.image_extract/usr/lib/lighttpd/mod_extforward.so
/home/danielsokil/Lab/HashSource/hashsource_antminer_Lx/bitmain_firmware/ANTMINER-L7-release-202201241601/minerfs.no_header.image_extract/usr/lib/lighttpd/mod_fastcgi.so
/home/danielsokil/Lab/HashSource/hashsource_antminer_Lx/bitmain_firmware/ANTMINER-L7-release-202201241601/minerfs.no_header.image_extract/usr/lib/lighttpd/mod_flv_streaming.so
/home/danielsokil/Lab/HashSource/hashsource_antminer_Lx/bitmain_firmware/ANTMINER-L7-release-202201241601/minerfs.no_header.image_extract/usr/lib/lighttpd/mod_indexfile.so
/home/danielsokil/Lab/HashSource/hashsource_antminer_Lx/bitmain_firmware/ANTMINER-L7-release-202201241601/minerfs.no_header.image_extract/usr/lib/lighttpd/mod_magnet.so
/home/danielsokil/Lab/HashSource/hashsource_antminer_Lx/bitmain_firmware/ANTMINER-L7-release-202201241601/minerfs.no_header.image_extract/usr/lib/lighttpd/mod_mysql_vhost.so
/home/danielsokil/Lab/HashSource/hashsource_antminer_Lx/bitmain_firmware/ANTMINER-L7-release-202201241601/minerfs.no_header.image_extract/usr/lib/lighttpd/mod_proxy.so
/home/danielsokil/Lab/HashSource/hashsource_antminer_Lx/bitmain_firmware/ANTMINER-L7-release-202201241601/minerfs.no_header.image_extract/usr/lib/lighttpd/mod_redirect.so
/home/danielsokil/Lab/HashSource/hashsource_antminer_Lx/bitmain_firmware/ANTMINER-L7-release-202201241601/minerfs.no_header.image_extract/usr/lib/lighttpd/mod_rewrite.so
/home/danielsokil/Lab/HashSource/hashsource_antminer_Lx/bitmain_firmware/ANTMINER-L7-release-202201241601/minerfs.no_header.image_extract/usr/lib/lighttpd/mod_rrdtool.so
/home/danielsokil/Lab/HashSource/hashsource_antminer_Lx/bitmain_firmware/ANTMINER-L7-release-202201241601/minerfs.no_header.image_extract/usr/lib/lighttpd/mod_scgi.so
/home/danielsokil/Lab/HashSource/hashsource_antminer_Lx/bitmain_firmware/ANTMINER-L7-release-202201241601/minerfs.no_header.image_extract/usr/lib/lighttpd/mod_secdownload.so
/home/danielsokil/Lab/HashSource/hashsource_antminer_Lx/bitmain_firmware/ANTMINER-L7-release-202201241601/minerfs.no_header.image_extract/usr/lib/lighttpd/mod_setenv.so
/home/danielsokil/Lab/HashSource/hashsource_antminer_Lx/bitmain_firmware/ANTMINER-L7-release-202201241601/minerfs.no_header.image_extract/usr/lib/lighttpd/mod_simple_vhost.so
/home/danielsokil/Lab/HashSource/hashsource_antminer_Lx/bitmain_firmware/ANTMINER-L7-release-202201241601/minerfs.no_header.image_extract/usr/lib/lighttpd/mod_ssi.so
/home/danielsokil/Lab/HashSource/hashsource_antminer_Lx/bitmain_firmware/ANTMINER-L7-release-202201241601/minerfs.no_header.image_extract/usr/lib/lighttpd/mod_staticfile.so
/home/danielsokil/Lab/HashSource/hashsource_antminer_Lx/bitmain_firmware/ANTMINER-L7-release-202201241601/minerfs.no_header.image_extract/usr/lib/lighttpd/mod_status.so
/home/danielsokil/Lab/HashSource/hashsource_antminer_Lx/bitmain_firmware/ANTMINER-L7-release-202201241601/minerfs.no_header.image_extract/usr/lib/lighttpd/mod_trigger_b4_dl.so
/home/danielsokil/Lab/HashSource/hashsource_antminer_Lx/bitmain_firmware/ANTMINER-L7-release-202201241601/minerfs.no_header.image_extract/usr/lib/lighttpd/mod_userdir.so
/home/danielsokil/Lab/HashSource/hashsource_antminer_Lx/bitmain_firmware/ANTMINER-L7-release-202201241601/minerfs.no_header.image_extract/usr/lib/lighttpd/mod_usertrack.so
/home/danielsokil/Lab/HashSource/hashsource_antminer_Lx/bitmain_firmware/ANTMINER-L7-release-202201241601/minerfs.no_header.image_extract/usr/lib/lighttpd/mod_webdav.so
/home/danielsokil/Lab/HashSource/hashsource_antminer_Lx/bitmain_firmware/ANTMINER-L7-release-202201241601/minerfs.no_header.image_extract/usr/lib/xtables/libip6t_DNAT.so
/home/danielsokil/Lab/HashSource/hashsource_antminer_Lx/bitmain_firmware/ANTMINER-L7-release-202201241601/minerfs.no_header.image_extract/usr/lib/xtables/libip6t_DNPT.so
/home/danielsokil/Lab/HashSource/hashsource_antminer_Lx/bitmain_firmware/ANTMINER-L7-release-202201241601/minerfs.no_header.image_extract/usr/lib/xtables/libip6t_HL.so
/home/danielsokil/Lab/HashSource/hashsource_antminer_Lx/bitmain_firmware/ANTMINER-L7-release-202201241601/minerfs.no_header.image_extract/usr/lib/xtables/libip6t_LOG.so
/home/danielsokil/Lab/HashSource/hashsource_antminer_Lx/bitmain_firmware/ANTMINER-L7-release-202201241601/minerfs.no_header.image_extract/usr/lib/xtables/libip6t_MASQUERADE.so
/home/danielsokil/Lab/HashSource/hashsource_antminer_Lx/bitmain_firmware/ANTMINER-L7-release-202201241601/minerfs.no_header.image_extract/usr/lib/xtables/libip6t_NETMAP.so
/home/danielsokil/Lab/HashSource/hashsource_antminer_Lx/bitmain_firmware/ANTMINER-L7-release-202201241601/minerfs.no_header.image_extract/usr/lib/xtables/libip6t_REDIRECT.so
/home/danielsokil/Lab/HashSource/hashsource_antminer_Lx/bitmain_firmware/ANTMINER-L7-release-202201241601/minerfs.no_header.image_extract/usr/lib/xtables/libip6t_REJECT.so
/home/danielsokil/Lab/HashSource/hashsource_antminer_Lx/bitmain_firmware/ANTMINER-L7-release-202201241601/minerfs.no_header.image_extract/usr/lib/xtables/libip6t_SNAT.so
/home/danielsokil/Lab/HashSource/hashsource_antminer_Lx/bitmain_firmware/ANTMINER-L7-release-202201241601/minerfs.no_header.image_extract/usr/lib/xtables/libip6t_SNPT.so
/home/danielsokil/Lab/HashSource/hashsource_antminer_Lx/bitmain_firmware/ANTMINER-L7-release-202201241601/minerfs.no_header.image_extract/usr/lib/xtables/libip6t_ah.so
/home/danielsokil/Lab/HashSource/hashsource_antminer_Lx/bitmain_firmware/ANTMINER-L7-release-202201241601/minerfs.no_header.image_extract/usr/lib/xtables/libip6t_dst.so
/home/danielsokil/Lab/HashSource/hashsource_antminer_Lx/bitmain_firmware/ANTMINER-L7-release-202201241601/minerfs.no_header.image_extract/usr/lib/xtables/libip6t_eui64.so
/home/danielsokil/Lab/HashSource/hashsource_antminer_Lx/bitmain_firmware/ANTMINER-L7-release-202201241601/minerfs.no_header.image_extract/usr/lib/xtables/libip6t_frag.so
/home/danielsokil/Lab/HashSource/hashsource_antminer_Lx/bitmain_firmware/ANTMINER-L7-release-202201241601/minerfs.no_header.image_extract/usr/lib/xtables/libip6t_hbh.so
/home/danielsokil/Lab/HashSource/hashsource_antminer_Lx/bitmain_firmware/ANTMINER-L7-release-202201241601/minerfs.no_header.image_extract/usr/lib/xtables/libip6t_hl.so
/home/danielsokil/Lab/HashSource/hashsource_antminer_Lx/bitmain_firmware/ANTMINER-L7-release-202201241601/minerfs.no_header.image_extract/usr/lib/xtables/libip6t_icmp6.so
/home/danielsokil/Lab/HashSource/hashsource_antminer_Lx/bitmain_firmware/ANTMINER-L7-release-202201241601/minerfs.no_header.image_extract/usr/lib/xtables/libip6t_ipv6header.so
/home/danielsokil/Lab/HashSource/hashsource_antminer_Lx/bitmain_firmware/ANTMINER-L7-release-202201241601/minerfs.no_header.image_extract/usr/lib/xtables/libip6t_mh.so
/home/danielsokil/Lab/HashSource/hashsource_antminer_Lx/bitmain_firmware/ANTMINER-L7-release-202201241601/minerfs.no_header.image_extract/usr/lib/xtables/libip6t_rt.so
/home/danielsokil/Lab/HashSource/hashsource_antminer_Lx/bitmain_firmware/ANTMINER-L7-release-202201241601/minerfs.no_header.image_extract/usr/lib/xtables/libip6t_srh.so
/home/danielsokil/Lab/HashSource/hashsource_antminer_Lx/bitmain_firmware/ANTMINER-L7-release-202201241601/minerfs.no_header.image_extract/usr/lib/xtables/libipt_CLUSTERIP.so
/home/danielsokil/Lab/HashSource/hashsource_antminer_Lx/bitmain_firmware/ANTMINER-L7-release-202201241601/minerfs.no_header.image_extract/usr/lib/xtables/libipt_DNAT.so
/home/danielsokil/Lab/HashSource/hashsource_antminer_Lx/bitmain_firmware/ANTMINER-L7-release-202201241601/minerfs.no_header.image_extract/usr/lib/xtables/libipt_ECN.so
/home/danielsokil/Lab/HashSource/hashsource_antminer_Lx/bitmain_firmware/ANTMINER-L7-release-202201241601/minerfs.no_header.image_extract/usr/lib/xtables/libipt_LOG.so
/home/danielsokil/Lab/HashSource/hashsource_antminer_Lx/bitmain_firmware/ANTMINER-L7-release-202201241601/minerfs.no_header.image_extract/usr/lib/xtables/libipt_MASQUERADE.so
/home/danielsokil/Lab/HashSource/hashsource_antminer_Lx/bitmain_firmware/ANTMINER-L7-release-202201241601/minerfs.no_header.image_extract/usr/lib/xtables/libipt_NETMAP.so
/home/danielsokil/Lab/HashSource/hashsource_antminer_Lx/bitmain_firmware/ANTMINER-L7-release-202201241601/minerfs.no_header.image_extract/usr/lib/xtables/libipt_REDIRECT.so
/home/danielsokil/Lab/HashSource/hashsource_antminer_Lx/bitmain_firmware/ANTMINER-L7-release-202201241601/minerfs.no_header.image_extract/usr/lib/xtables/libipt_REJECT.so
/home/danielsokil/Lab/HashSource/hashsource_antminer_Lx/bitmain_firmware/ANTMINER-L7-release-202201241601/minerfs.no_header.image_extract/usr/lib/xtables/libipt_SNAT.so
/home/danielsokil/Lab/HashSource/hashsource_antminer_Lx/bitmain_firmware/ANTMINER-L7-release-202201241601/minerfs.no_header.image_extract/usr/lib/xtables/libipt_TTL.so
/home/danielsokil/Lab/HashSource/hashsource_antminer_Lx/bitmain_firmware/ANTMINER-L7-release-202201241601/minerfs.no_header.image_extract/usr/lib/xtables/libipt_ULOG.so
/home/danielsokil/Lab/HashSource/hashsource_antminer_Lx/bitmain_firmware/ANTMINER-L7-release-202201241601/minerfs.no_header.image_extract/usr/lib/xtables/libipt_ah.so
/home/danielsokil/Lab/HashSource/hashsource_antminer_Lx/bitmain_firmware/ANTMINER-L7-release-202201241601/minerfs.no_header.image_extract/usr/lib/xtables/libipt_icmp.so
/home/danielsokil/Lab/HashSource/hashsource_antminer_Lx/bitmain_firmware/ANTMINER-L7-release-202201241601/minerfs.no_header.image_extract/usr/lib/xtables/libipt_realm.so
/home/danielsokil/Lab/HashSource/hashsource_antminer_Lx/bitmain_firmware/ANTMINER-L7-release-202201241601/minerfs.no_header.image_extract/usr/lib/xtables/libipt_ttl.so
/home/danielsokil/Lab/HashSource/hashsource_antminer_Lx/bitmain_firmware/ANTMINER-L7-release-202201241601/minerfs.no_header.image_extract/usr/lib/xtables/libxt_AUDIT.so
/home/danielsokil/Lab/HashSource/hashsource_antminer_Lx/bitmain_firmware/ANTMINER-L7-release-202201241601/minerfs.no_header.image_extract/usr/lib/xtables/libxt_CHECKSUM.so
/home/danielsokil/Lab/HashSource/hashsource_antminer_Lx/bitmain_firmware/ANTMINER-L7-release-202201241601/minerfs.no_header.image_extract/usr/lib/xtables/libxt_CLASSIFY.so
/home/danielsokil/Lab/HashSource/hashsource_antminer_Lx/bitmain_firmware/ANTMINER-L7-release-202201241601/minerfs.no_header.image_extract/usr/lib/xtables/libxt_CONNMARK.so
/home/danielsokil/Lab/HashSource/hashsource_antminer_Lx/bitmain_firmware/ANTMINER-L7-release-202201241601/minerfs.no_header.image_extract/usr/lib/xtables/libxt_CONNSECMARK.so
/home/danielsokil/Lab/HashSource/hashsource_antminer_Lx/bitmain_firmware/ANTMINER-L7-release-202201241601/minerfs.no_header.image_extract/usr/lib/xtables/libxt_CT.so
/home/danielsokil/Lab/HashSource/hashsource_antminer_Lx/bitmain_firmware/ANTMINER-L7-release-202201241601/minerfs.no_header.image_extract/usr/lib/xtables/libxt_DSCP.so
/home/danielsokil/Lab/HashSource/hashsource_antminer_Lx/bitmain_firmware/ANTMINER-L7-release-202201241601/minerfs.no_header.image_extract/usr/lib/xtables/libxt_HMARK.so
/home/danielsokil/Lab/HashSource/hashsource_antminer_Lx/bitmain_firmware/ANTMINER-L7-release-202201241601/minerfs.no_header.image_extract/usr/lib/xtables/libxt_IDLETIMER.so
/home/danielsokil/Lab/HashSource/hashsource_antminer_Lx/bitmain_firmware/ANTMINER-L7-release-202201241601/minerfs.no_header.image_extract/usr/lib/xtables/libxt_LED.so
/home/danielsokil/Lab/HashSource/hashsource_antminer_Lx/bitmain_firmware/ANTMINER-L7-release-202201241601/minerfs.no_header.image_extract/usr/lib/xtables/libxt_MARK.so
/home/danielsokil/Lab/HashSource/hashsource_antminer_Lx/bitmain_firmware/ANTMINER-L7-release-202201241601/minerfs.no_header.image_extract/usr/lib/xtables/libxt_NFLOG.so
/home/danielsokil/Lab/HashSource/hashsource_antminer_Lx/bitmain_firmware/ANTMINER-L7-release-202201241601/minerfs.no_header.image_extract/usr/lib/xtables/libxt_NFQUEUE.so
/home/danielsokil/Lab/HashSource/hashsource_antminer_Lx/bitmain_firmware/ANTMINER-L7-release-202201241601/minerfs.no_header.image_extract/usr/lib/xtables/libxt_RATEEST.so
/home/danielsokil/Lab/HashSource/hashsource_antminer_Lx/bitmain_firmware/ANTMINER-L7-release-202201241601/minerfs.no_header.image_extract/usr/lib/xtables/libxt_SECMARK.so
/home/danielsokil/Lab/HashSource/hashsource_antminer_Lx/bitmain_firmware/ANTMINER-L7-release-202201241601/minerfs.no_header.image_extract/usr/lib/xtables/libxt_SET.so
/home/danielsokil/Lab/HashSource/hashsource_antminer_Lx/bitmain_firmware/ANTMINER-L7-release-202201241601/minerfs.no_header.image_extract/usr/lib/xtables/libxt_SYNPROXY.so
/home/danielsokil/Lab/HashSource/hashsource_antminer_Lx/bitmain_firmware/ANTMINER-L7-release-202201241601/minerfs.no_header.image_extract/usr/lib/xtables/libxt_TCPMSS.so
/home/danielsokil/Lab/HashSource/hashsource_antminer_Lx/bitmain_firmware/ANTMINER-L7-release-202201241601/minerfs.no_header.image_extract/usr/lib/xtables/libxt_TCPOPTSTRIP.so
/home/danielsokil/Lab/HashSource/hashsource_antminer_Lx/bitmain_firmware/ANTMINER-L7-release-202201241601/minerfs.no_header.image_extract/usr/lib/xtables/libxt_TEE.so
/home/danielsokil/Lab/HashSource/hashsource_antminer_Lx/bitmain_firmware/ANTMINER-L7-release-202201241601/minerfs.no_header.image_extract/usr/lib/xtables/libxt_TOS.so
/home/danielsokil/Lab/HashSource/hashsource_antminer_Lx/bitmain_firmware/ANTMINER-L7-release-202201241601/minerfs.no_header.image_extract/usr/lib/xtables/libxt_TPROXY.so
/home/danielsokil/Lab/HashSource/hashsource_antminer_Lx/bitmain_firmware/ANTMINER-L7-release-202201241601/minerfs.no_header.image_extract/usr/lib/xtables/libxt_TRACE.so
/home/danielsokil/Lab/HashSource/hashsource_antminer_Lx/bitmain_firmware/ANTMINER-L7-release-202201241601/minerfs.no_header.image_extract/usr/lib/xtables/libxt_addrtype.so
/home/danielsokil/Lab/HashSource/hashsource_antminer_Lx/bitmain_firmware/ANTMINER-L7-release-202201241601/minerfs.no_header.image_extract/usr/lib/xtables/libxt_bpf.so
/home/danielsokil/Lab/HashSource/hashsource_antminer_Lx/bitmain_firmware/ANTMINER-L7-release-202201241601/minerfs.no_header.image_extract/usr/lib/xtables/libxt_cgroup.so
/home/danielsokil/Lab/HashSource/hashsource_antminer_Lx/bitmain_firmware/ANTMINER-L7-release-202201241601/minerfs.no_header.image_extract/usr/lib/xtables/libxt_cluster.so
/home/danielsokil/Lab/HashSource/hashsource_antminer_Lx/bitmain_firmware/ANTMINER-L7-release-202201241601/minerfs.no_header.image_extract/usr/lib/xtables/libxt_comment.so
/home/danielsokil/Lab/HashSource/hashsource_antminer_Lx/bitmain_firmware/ANTMINER-L7-release-202201241601/minerfs.no_header.image_extract/usr/lib/xtables/libxt_connbytes.so
/home/danielsokil/Lab/HashSource/hashsource_antminer_Lx/bitmain_firmware/ANTMINER-L7-release-202201241601/minerfs.no_header.image_extract/usr/lib/xtables/libxt_connlimit.so
/home/danielsokil/Lab/HashSource/hashsource_antminer_Lx/bitmain_firmware/ANTMINER-L7-release-202201241601/minerfs.no_header.image_extract/usr/lib/xtables/libxt_connmark.so
/home/danielsokil/Lab/HashSource/hashsource_antminer_Lx/bitmain_firmware/ANTMINER-L7-release-202201241601/minerfs.no_header.image_extract/usr/lib/xtables/libxt_conntrack.so
/home/danielsokil/Lab/HashSource/hashsource_antminer_Lx/bitmain_firmware/ANTMINER-L7-release-202201241601/minerfs.no_header.image_extract/usr/lib/xtables/libxt_cpu.so
/home/danielsokil/Lab/HashSource/hashsource_antminer_Lx/bitmain_firmware/ANTMINER-L7-release-202201241601/minerfs.no_header.image_extract/usr/lib/xtables/libxt_dccp.so
/home/danielsokil/Lab/HashSource/hashsource_antminer_Lx/bitmain_firmware/ANTMINER-L7-release-202201241601/minerfs.no_header.image_extract/usr/lib/xtables/libxt_devgroup.so
/home/danielsokil/Lab/HashSource/hashsource_antminer_Lx/bitmain_firmware/ANTMINER-L7-release-202201241601/minerfs.no_header.image_extract/usr/lib/xtables/libxt_dscp.so
/home/danielsokil/Lab/HashSource/hashsource_antminer_Lx/bitmain_firmware/ANTMINER-L7-release-202201241601/minerfs.no_header.image_extract/usr/lib/xtables/libxt_ecn.so
/home/danielsokil/Lab/HashSource/hashsource_antminer_Lx/bitmain_firmware/ANTMINER-L7-release-202201241601/minerfs.no_header.image_extract/usr/lib/xtables/libxt_esp.so
/home/danielsokil/Lab/HashSource/hashsource_antminer_Lx/bitmain_firmware/ANTMINER-L7-release-202201241601/minerfs.no_header.image_extract/usr/lib/xtables/libxt_hashlimit.so
/home/danielsokil/Lab/HashSource/hashsource_antminer_Lx/bitmain_firmware/ANTMINER-L7-release-202201241601/minerfs.no_header.image_extract/usr/lib/xtables/libxt_helper.so
/home/danielsokil/Lab/HashSource/hashsource_antminer_Lx/bitmain_firmware/ANTMINER-L7-release-202201241601/minerfs.no_header.image_extract/usr/lib/xtables/libxt_ipcomp.so
/home/danielsokil/Lab/HashSource/hashsource_antminer_Lx/bitmain_firmware/ANTMINER-L7-release-202201241601/minerfs.no_header.image_extract/usr/lib/xtables/libxt_iprange.so
/home/danielsokil/Lab/HashSource/hashsource_antminer_Lx/bitmain_firmware/ANTMINER-L7-release-202201241601/minerfs.no_header.image_extract/usr/lib/xtables/libxt_ipvs.so
/home/danielsokil/Lab/HashSource/hashsource_antminer_Lx/bitmain_firmware/ANTMINER-L7-release-202201241601/minerfs.no_header.image_extract/usr/lib/xtables/libxt_length.so
/home/danielsokil/Lab/HashSource/hashsource_antminer_Lx/bitmain_firmware/ANTMINER-L7-release-202201241601/minerfs.no_header.image_extract/usr/lib/xtables/libxt_limit.so
/home/danielsokil/Lab/HashSource/hashsource_antminer_Lx/bitmain_firmware/ANTMINER-L7-release-202201241601/minerfs.no_header.image_extract/usr/lib/xtables/libxt_mac.so
/home/danielsokil/Lab/HashSource/hashsource_antminer_Lx/bitmain_firmware/ANTMINER-L7-release-202201241601/minerfs.no_header.image_extract/usr/lib/xtables/libxt_mark.so
/home/danielsokil/Lab/HashSource/hashsource_antminer_Lx/bitmain_firmware/ANTMINER-L7-release-202201241601/minerfs.no_header.image_extract/usr/lib/xtables/libxt_multiport.so
/home/danielsokil/Lab/HashSource/hashsource_antminer_Lx/bitmain_firmware/ANTMINER-L7-release-202201241601/minerfs.no_header.image_extract/usr/lib/xtables/libxt_nfacct.so
/home/danielsokil/Lab/HashSource/hashsource_antminer_Lx/bitmain_firmware/ANTMINER-L7-release-202201241601/minerfs.no_header.image_extract/usr/lib/xtables/libxt_osf.so
/home/danielsokil/Lab/HashSource/hashsource_antminer_Lx/bitmain_firmware/ANTMINER-L7-release-202201241601/minerfs.no_header.image_extract/usr/lib/xtables/libxt_owner.so
/home/danielsokil/Lab/HashSource/hashsource_antminer_Lx/bitmain_firmware/ANTMINER-L7-release-202201241601/minerfs.no_header.image_extract/usr/lib/xtables/libxt_physdev.so
/home/danielsokil/Lab/HashSource/hashsource_antminer_Lx/bitmain_firmware/ANTMINER-L7-release-202201241601/minerfs.no_header.image_extract/usr/lib/xtables/libxt_pkttype.so
/home/danielsokil/Lab/HashSource/hashsource_antminer_Lx/bitmain_firmware/ANTMINER-L7-release-202201241601/minerfs.no_header.image_extract/usr/lib/xtables/libxt_policy.so
/home/danielsokil/Lab/HashSource/hashsource_antminer_Lx/bitmain_firmware/ANTMINER-L7-release-202201241601/minerfs.no_header.image_extract/usr/lib/xtables/libxt_quota.so
/home/danielsokil/Lab/HashSource/hashsource_antminer_Lx/bitmain_firmware/ANTMINER-L7-release-202201241601/minerfs.no_header.image_extract/usr/lib/xtables/libxt_rateest.so
/home/danielsokil/Lab/HashSource/hashsource_antminer_Lx/bitmain_firmware/ANTMINER-L7-release-202201241601/minerfs.no_header.image_extract/usr/lib/xtables/libxt_recent.so
/home/danielsokil/Lab/HashSource/hashsource_antminer_Lx/bitmain_firmware/ANTMINER-L7-release-202201241601/minerfs.no_header.image_extract/usr/lib/xtables/libxt_rpfilter.so
/home/danielsokil/Lab/HashSource/hashsource_antminer_Lx/bitmain_firmware/ANTMINER-L7-release-202201241601/minerfs.no_header.image_extract/usr/lib/xtables/libxt_sctp.so
/home/danielsokil/Lab/HashSource/hashsource_antminer_Lx/bitmain_firmware/ANTMINER-L7-release-202201241601/minerfs.no_header.image_extract/usr/lib/xtables/libxt_set.so
/home/danielsokil/Lab/HashSource/hashsource_antminer_Lx/bitmain_firmware/ANTMINER-L7-release-202201241601/minerfs.no_header.image_extract/usr/lib/xtables/libxt_socket.so
/home/danielsokil/Lab/HashSource/hashsource_antminer_Lx/bitmain_firmware/ANTMINER-L7-release-202201241601/minerfs.no_header.image_extract/usr/lib/xtables/libxt_standard.so
/home/danielsokil/Lab/HashSource/hashsource_antminer_Lx/bitmain_firmware/ANTMINER-L7-release-202201241601/minerfs.no_header.image_extract/usr/lib/xtables/libxt_statistic.so
/home/danielsokil/Lab/HashSource/hashsource_antminer_Lx/bitmain_firmware/ANTMINER-L7-release-202201241601/minerfs.no_header.image_extract/usr/lib/xtables/libxt_string.so
/home/danielsokil/Lab/HashSource/hashsource_antminer_Lx/bitmain_firmware/ANTMINER-L7-release-202201241601/minerfs.no_header.image_extract/usr/lib/xtables/libxt_tcp.so
/home/danielsokil/Lab/HashSource/hashsource_antminer_Lx/bitmain_firmware/ANTMINER-L7-release-202201241601/minerfs.no_header.image_extract/usr/lib/xtables/libxt_tcpmss.so
/home/danielsokil/Lab/HashSource/hashsource_antminer_Lx/bitmain_firmware/ANTMINER-L7-release-202201241601/minerfs.no_header.image_extract/usr/lib/xtables/libxt_time.so
/home/danielsokil/Lab/HashSource/hashsource_antminer_Lx/bitmain_firmware/ANTMINER-L7-release-202201241601/minerfs.no_header.image_extract/usr/lib/xtables/libxt_tos.so
/home/danielsokil/Lab/HashSource/hashsource_antminer_Lx/bitmain_firmware/ANTMINER-L7-release-202201241601/minerfs.no_header.image_extract/usr/lib/xtables/libxt_u32.so
/home/danielsokil/Lab/HashSource/hashsource_antminer_Lx/bitmain_firmware/ANTMINER-L7-release-202201241601/minerfs.no_header.image_extract/usr/lib/xtables/libxt_udp.so
/home/danielsokil/Lab/HashSource/hashsource_antminer_Lx/bitmain_firmware/ANTMINER-L7-release-202201241601/minerfs.no_header.image_extract/usr/libexec/sudo/group_file.so
/home/danielsokil/Lab/HashSource/hashsource_antminer_Lx/bitmain_firmware/ANTMINER-L7-release-202201241601/minerfs.no_header.image_extract/usr/libexec/sudo/libsudo_util.so.0.0.0
/home/danielsokil/Lab/HashSource/hashsource_antminer_Lx/bitmain_firmware/ANTMINER-L7-release-202201241601/minerfs.no_header.image_extract/usr/libexec/sudo/sudo_noexec.so
/home/danielsokil/Lab/HashSource/hashsource_antminer_Lx/bitmain_firmware/ANTMINER-L7-release-202201241601/minerfs.no_header.image_extract/usr/libexec/sudo/sudoers.so
/home/danielsokil/Lab/HashSource/hashsource_antminer_Lx/bitmain_firmware/ANTMINER-L7-release-202201241601/minerfs.no_header.image_extract/usr/libexec/sudo/system_group.so
/home/danielsokil/Lab/HashSource/hashsource_antminer_Lx/bitmain_firmware/ANTMINER-L7-release-202201241601/minerfs.no_header.image_extract/usr/sbin/antlogin
/home/danielsokil/Lab/HashSource/hashsource_antminer_Lx/bitmain_firmware/ANTMINER-L7-release-202201241601/minerfs.no_header.image_extract/usr/sbin/avahi-autoipd
/home/danielsokil/Lab/HashSource/hashsource_antminer_Lx/bitmain_firmware/ANTMINER-L7-release-202201241601/minerfs.no_header.image_extract/usr/sbin/avahi-daemon
/home/danielsokil/Lab/HashSource/hashsource_antminer_Lx/bitmain_firmware/ANTMINER-L7-release-202201241601/minerfs.no_header.image_extract/usr/sbin/avahi-dnsconfd
/home/danielsokil/Lab/HashSource/hashsource_antminer_Lx/bitmain_firmware/ANTMINER-L7-release-202201241601/minerfs.no_header.image_extract/usr/sbin/dropbear
/home/danielsokil/Lab/HashSource/hashsource_antminer_Lx/bitmain_firmware/ANTMINER-L7-release-202201241601/minerfs.no_header.image_extract/usr/sbin/flash_erase
/home/danielsokil/Lab/HashSource/hashsource_antminer_Lx/bitmain_firmware/ANTMINER-L7-release-202201241601/minerfs.no_header.image_extract/usr/sbin/lighttpd
/home/danielsokil/Lab/HashSource/hashsource_antminer_Lx/bitmain_firmware/ANTMINER-L7-release-202201241601/minerfs.no_header.image_extract/usr/sbin/lighttpd-angel
/home/danielsokil/Lab/HashSource/hashsource_antminer_Lx/bitmain_firmware/ANTMINER-L7-release-202201241601/minerfs.no_header.image_extract/usr/sbin/ntpd
/home/danielsokil/Lab/HashSource/hashsource_antminer_Lx/bitmain_firmware/ANTMINER-L7-release-202201241601/minerfs.no_header.image_extract/usr/sbin/ubiattach
/home/danielsokil/Lab/HashSource/hashsource_antminer_Lx/bitmain_firmware/ANTMINER-L7-release-202201241601/minerfs.no_header.image_extract/usr/sbin/ubiformat
/home/danielsokil/Lab/HashSource/hashsource_antminer_Lx/bitmain_firmware/ANTMINER-L7-release-202201241601/minerfs.no_header.image_extract/usr/sbin/ubimkvol
/home/danielsokil/Lab/HashSource/hashsource_antminer_Lx/bitmain_firmware/ANTMINER-L7-release-202201241601/minerfs.no_header.image_extract/usr/sbin/update-daemon
/home/danielsokil/Lab/HashSource/hashsource_antminer_Lx/bitmain_firmware/ANTMINER-L7-release-202201241601/minerfs.no_header.image_extract/usr/sbin/visudo
/home/danielsokil/Lab/HashSource/hashsource_antminer_Lx/bitmain_firmware/ANTMINER-L7-release-202201241601/minerfs.no_header.image_extract/usr/sbin/xtables-legacy-multi
/home/danielsokil/Lab/HashSource/hashsource_antminer_Lx/bitmain_firmware/ANTMINER-L7-release-202201241601/update.no_header.image_extract/bin/busybox
/home/danielsokil/Lab/HashSource/hashsource_antminer_Lx/bitmain_firmware/ANTMINER-L7-release-202201241601/update.no_header.image_extract/sbin/halt
/home/danielsokil/Lab/HashSource/hashsource_antminer_Lx/bitmain_firmware/ANTMINER-L7-release-202201241601/update.no_header.image_extract/sbin/init
/home/danielsokil/Lab/HashSource/hashsource_antminer_Lx/bitmain_firmware/ANTMINER-L7-release-202201241601/update.no_header.image_extract/sbin/killall5
/home/danielsokil/Lab/HashSource/hashsource_antminer_Lx/bitmain_firmware/ANTMINER-L7-release-202201241601/update.no_header.image_extract/sbin/shutdown
/home/danielsokil/Lab/HashSource/hashsource_antminer_Lx/bitmain_firmware/ANTMINER-L7-release-202201241601/update.no_header.image_extract/usr/bin/FileParser
/home/danielsokil/Lab/HashSource/hashsource_antminer_Lx/bitmain_firmware/ANTMINER-L7-release-202201241601/update.no_header.image_extract/usr/bin/openssl
/home/danielsokil/Lab/HashSource/hashsource_antminer_Lx/bitmain_firmware/ANTMINER-L7-release-202201241601/update.no_header.image_extract/usr/bin/xmlwf
/home/danielsokil/Lab/HashSource/hashsource_antminer_Lx/bitmain_firmware/ANTMINER-L7-release-202201241601/update.no_header.image_extract/usr/lib/libaio.so.1.0.1
/home/danielsokil/Lab/HashSource/hashsource_antminer_Lx/bitmain_firmware/ANTMINER-L7-release-202201241601/update.no_header.image_extract/usr/lib/libcrypto.so.1.1
/home/danielsokil/Lab/HashSource/hashsource_antminer_Lx/bitmain_firmware/ANTMINER-L7-release-202201241601/update.no_header.image_extract/usr/lib/libdaemon.so.0.5.0
/home/danielsokil/Lab/HashSource/hashsource_antminer_Lx/bitmain_firmware/ANTMINER-L7-release-202201241601/update.no_header.image_extract/usr/lib/libevent-2.1.so.6.0.2
/home/danielsokil/Lab/HashSource/hashsource_antminer_Lx/bitmain_firmware/ANTMINER-L7-release-202201241601/update.no_header.image_extract/usr/lib/libevent_core-2.1.so.6.0.2
/home/danielsokil/Lab/HashSource/hashsource_antminer_Lx/bitmain_firmware/ANTMINER-L7-release-202201241601/update.no_header.image_extract/usr/lib/libevent_extra-2.1.so.6.0.2
/home/danielsokil/Lab/HashSource/hashsource_antminer_Lx/bitmain_firmware/ANTMINER-L7-release-202201241601/update.no_header.image_extract/usr/lib/libevent_openssl-2.1.so.6.0.2
/home/danielsokil/Lab/HashSource/hashsource_antminer_Lx/bitmain_firmware/ANTMINER-L7-release-202201241601/update.no_header.image_extract/usr/lib/libevent_pthreads-2.1.so.6.0.2
/home/danielsokil/Lab/HashSource/hashsource_antminer_Lx/bitmain_firmware/ANTMINER-L7-release-202201241601/update.no_header.image_extract/usr/lib/libexpat.so.1.6.10
/home/danielsokil/Lab/HashSource/hashsource_antminer_Lx/bitmain_firmware/ANTMINER-L7-release-202201241601/update.no_header.image_extract/usr/lib/libssl.so.1.1
/home/danielsokil/Lab/HashSource/hashsource_antminer_Lx/bitmain_firmware/ANTMINER-L7-release-202201241601/update.no_header.image_extract/usr/lib/libz.so.1.2.11
/home/danielsokil/Lab/HashSource/hashsource_antminer_Lx/bitmain_firmware/ANTMINER-L7-release-202201241601/update.no_header.image_extract/usr/sbin/flash_erase
/home/danielsokil/Lab/HashSource/hashsource_antminer_Lx/bitmain_firmware/ANTMINER-L7-release-202201241601/update.no_header.image_extract/usr/sbin/mtdinfo
/home/danielsokil/Lab/HashSource/hashsource_antminer_Lx/bitmain_firmware/ANTMINER-L7-release-202201241601/update.no_header.image_extract/usr/sbin/nanddump
/home/danielsokil/Lab/HashSource/hashsource_antminer_Lx/bitmain_firmware/ANTMINER-L7-release-202201241601/update.no_header.image_extract/usr/sbin/nandwrite
/home/danielsokil/Lab/HashSource/hashsource_antminer_Lx/bitmain_firmware/ANTMINER-L7-release-202201241601/update.no_header.image_extract/usr/sbin/ubiattach
/home/danielsokil/Lab/HashSource/hashsource_antminer_Lx/bitmain_firmware/ANTMINER-L7-release-202201241601/update.no_header.image_extract/usr/sbin/ubidetach
/home/danielsokil/Lab/HashSource/hashsource_antminer_Lx/bitmain_firmware/ANTMINER-L7-release-202201241601/update.no_header.image_extract/usr/sbin/ubiformat
/home/danielsokil/Lab/HashSource/hashsource_antminer_Lx/bitmain_firmware/ANTMINER-L7-release-202201241601/update.no_header.image_extract/usr/sbin/ubimkvol
/home/danielsokil/Lab/HashSource/hashsource_antminer_Lx/bitmain_firmware/ANTMINER-L7-release-202201241601/update.no_header.image_extract/usr/sbin/ubinfo
/home/danielsokil/Lab/HashSource/hashsource_antminer_Lx/bitmain_firmware/ANTMINER-L7-release-202201241601/update.no_header.image_extract/usr/sbin/ubirmvol
/home/danielsokil/Lab/HashSource/hashsource_antminer_Lx/bitmain_firmware/Antminer-L7-release-202211301200/minerfs.no_header.image_extract/bin/busybox
/home/danielsokil/Lab/HashSource/hashsource_antminer_Lx/bitmain_firmware/Antminer-L7-release-202211301200/minerfs.no_header.image_extract/sbin/halt
/home/danielsokil/Lab/HashSource/hashsource_antminer_Lx/bitmain_firmware/Antminer-L7-release-202211301200/minerfs.no_header.image_extract/sbin/id2mac
/home/danielsokil/Lab/HashSource/hashsource_antminer_Lx/bitmain_firmware/Antminer-L7-release-202211301200/minerfs.no_header.image_extract/sbin/init
/home/danielsokil/Lab/HashSource/hashsource_antminer_Lx/bitmain_firmware/Antminer-L7-release-202211301200/minerfs.no_header.image_extract/sbin/killall5
/home/danielsokil/Lab/HashSource/hashsource_antminer_Lx/bitmain_firmware/Antminer-L7-release-202211301200/minerfs.no_header.image_extract/sbin/shutdown
/home/danielsokil/Lab/HashSource/hashsource_antminer_Lx/bitmain_firmware/Antminer-L7-release-202211301200/minerfs.no_header.image_extract/usr/bin/FileParser
/home/danielsokil/Lab/HashSource/hashsource_antminer_Lx/bitmain_firmware/Antminer-L7-release-202211301200/minerfs.no_header.image_extract/usr/bin/cvtsudoers
/home/danielsokil/Lab/HashSource/hashsource_antminer_Lx/bitmain_firmware/Antminer-L7-release-202211301200/minerfs.no_header.image_extract/usr/bin/godminer
/home/danielsokil/Lab/HashSource/hashsource_antminer_Lx/bitmain_firmware/Antminer-L7-release-202211301200/minerfs.no_header.image_extract/usr/bin/jq
/home/danielsokil/Lab/HashSource/hashsource_antminer_Lx/bitmain_firmware/Antminer-L7-release-202211301200/minerfs.no_header.image_extract/usr/bin/kmod
/home/danielsokil/Lab/HashSource/hashsource_antminer_Lx/bitmain_firmware/Antminer-L7-release-202211301200/minerfs.no_header.image_extract/usr/bin/monitor-ipsig
/home/danielsokil/Lab/HashSource/hashsource_antminer_Lx/bitmain_firmware/Antminer-L7-release-202211301200/minerfs.no_header.image_extract/usr/bin/monitor-recobtn
/home/danielsokil/Lab/HashSource/hashsource_antminer_Lx/bitmain_firmware/Antminer-L7-release-202211301200/minerfs.no_header.image_extract/usr/bin/netcat
/home/danielsokil/Lab/HashSource/hashsource_antminer_Lx/bitmain_firmware/Antminer-L7-release-202211301200/minerfs.no_header.image_extract/usr/bin/ntpdate
/home/danielsokil/Lab/HashSource/hashsource_antminer_Lx/bitmain_firmware/Antminer-L7-release-202211301200/minerfs.no_header.image_extract/usr/bin/openssl
/home/danielsokil/Lab/HashSource/hashsource_antminer_Lx/bitmain_firmware/Antminer-L7-release-202211301200/minerfs.no_header.image_extract/usr/bin/sudo
/home/danielsokil/Lab/HashSource/hashsource_antminer_Lx/bitmain_firmware/Antminer-L7-release-202211301200/minerfs.no_header.image_extract/usr/bin/sudoreplay
/home/danielsokil/Lab/HashSource/hashsource_antminer_Lx/bitmain_firmware/Antminer-L7-release-202211301200/minerfs.no_header.image_extract/usr/bin/xmlwf
/home/danielsokil/Lab/HashSource/hashsource_antminer_Lx/bitmain_firmware/Antminer-L7-release-202211301200/minerfs.no_header.image_extract/usr/lib/libavahi-common.so.3.5.3
/home/danielsokil/Lab/HashSource/hashsource_antminer_Lx/bitmain_firmware/Antminer-L7-release-202211301200/minerfs.no_header.image_extract/usr/lib/libavahi-core.so.7.0.2
/home/danielsokil/Lab/HashSource/hashsource_antminer_Lx/bitmain_firmware/Antminer-L7-release-202211301200/minerfs.no_header.image_extract/usr/lib/libcrypto.so.1.1
/home/danielsokil/Lab/HashSource/hashsource_antminer_Lx/bitmain_firmware/Antminer-L7-release-202211301200/minerfs.no_header.image_extract/usr/lib/libdaemon.so.0.5.0
/home/danielsokil/Lab/HashSource/hashsource_antminer_Lx/bitmain_firmware/Antminer-L7-release-202211301200/minerfs.no_header.image_extract/usr/lib/libevent-2.1.so.6.0.2
/home/danielsokil/Lab/HashSource/hashsource_antminer_Lx/bitmain_firmware/Antminer-L7-release-202211301200/minerfs.no_header.image_extract/usr/lib/libevent_core-2.1.so.6.0.2
/home/danielsokil/Lab/HashSource/hashsource_antminer_Lx/bitmain_firmware/Antminer-L7-release-202211301200/minerfs.no_header.image_extract/usr/lib/libevent_extra-2.1.so.6.0.2
/home/danielsokil/Lab/HashSource/hashsource_antminer_Lx/bitmain_firmware/Antminer-L7-release-202211301200/minerfs.no_header.image_extract/usr/lib/libevent_openssl-2.1.so.6.0.2
/home/danielsokil/Lab/HashSource/hashsource_antminer_Lx/bitmain_firmware/Antminer-L7-release-202211301200/minerfs.no_header.image_extract/usr/lib/libevent_pthreads-2.1.so.6.0.2
/home/danielsokil/Lab/HashSource/hashsource_antminer_Lx/bitmain_firmware/Antminer-L7-release-202211301200/minerfs.no_header.image_extract/usr/lib/libexpat.so.1.6.10
/home/danielsokil/Lab/HashSource/hashsource_antminer_Lx/bitmain_firmware/Antminer-L7-release-202211301200/minerfs.no_header.image_extract/usr/lib/libip4tc.so.2.0.0
/home/danielsokil/Lab/HashSource/hashsource_antminer_Lx/bitmain_firmware/Antminer-L7-release-202211301200/minerfs.no_header.image_extract/usr/lib/libip6tc.so.2.0.0
/home/danielsokil/Lab/HashSource/hashsource_antminer_Lx/bitmain_firmware/Antminer-L7-release-202211301200/minerfs.no_header.image_extract/usr/lib/libiptc.so.0.0.0
/home/danielsokil/Lab/HashSource/hashsource_antminer_Lx/bitmain_firmware/Antminer-L7-release-202211301200/minerfs.no_header.image_extract/usr/lib/libkmod.so.2.3.3
/home/danielsokil/Lab/HashSource/hashsource_antminer_Lx/bitmain_firmware/Antminer-L7-release-202211301200/minerfs.no_header.image_extract/usr/lib/libssl.so.1.1
/home/danielsokil/Lab/HashSource/hashsource_antminer_Lx/bitmain_firmware/Antminer-L7-release-202211301200/minerfs.no_header.image_extract/usr/lib/libxtables.so.12.2.0
/home/danielsokil/Lab/HashSource/hashsource_antminer_Lx/bitmain_firmware/Antminer-L7-release-202211301200/minerfs.no_header.image_extract/usr/lib/libz.so.1.2.11
/home/danielsokil/Lab/HashSource/hashsource_antminer_Lx/bitmain_firmware/Antminer-L7-release-202211301200/minerfs.no_header.image_extract/usr/lib/lighttpd/mod_access.so
/home/danielsokil/Lab/HashSource/hashsource_antminer_Lx/bitmain_firmware/Antminer-L7-release-202211301200/minerfs.no_header.image_extract/usr/lib/lighttpd/mod_accesslog.so
/home/danielsokil/Lab/HashSource/hashsource_antminer_Lx/bitmain_firmware/Antminer-L7-release-202211301200/minerfs.no_header.image_extract/usr/lib/lighttpd/mod_alias.so
/home/danielsokil/Lab/HashSource/hashsource_antminer_Lx/bitmain_firmware/Antminer-L7-release-202211301200/minerfs.no_header.image_extract/usr/lib/lighttpd/mod_auth.so
/home/danielsokil/Lab/HashSource/hashsource_antminer_Lx/bitmain_firmware/Antminer-L7-release-202211301200/minerfs.no_header.image_extract/usr/lib/lighttpd/mod_cgi.so
/home/danielsokil/Lab/HashSource/hashsource_antminer_Lx/bitmain_firmware/Antminer-L7-release-202211301200/minerfs.no_header.image_extract/usr/lib/lighttpd/mod_cml.so
/home/danielsokil/Lab/HashSource/hashsource_antminer_Lx/bitmain_firmware/Antminer-L7-release-202211301200/minerfs.no_header.image_extract/usr/lib/lighttpd/mod_compress.so
/home/danielsokil/Lab/HashSource/hashsource_antminer_Lx/bitmain_firmware/Antminer-L7-release-202211301200/minerfs.no_header.image_extract/usr/lib/lighttpd/mod_dirlisting.so
/home/danielsokil/Lab/HashSource/hashsource_antminer_Lx/bitmain_firmware/Antminer-L7-release-202211301200/minerfs.no_header.image_extract/usr/lib/lighttpd/mod_evasive.so
/home/danielsokil/Lab/HashSource/hashsource_antminer_Lx/bitmain_firmware/Antminer-L7-release-202211301200/minerfs.no_header.image_extract/usr/lib/lighttpd/mod_evhost.so
/home/danielsokil/Lab/HashSource/hashsource_antminer_Lx/bitmain_firmware/Antminer-L7-release-202211301200/minerfs.no_header.image_extract/usr/lib/lighttpd/mod_expire.so
/home/danielsokil/Lab/HashSource/hashsource_antminer_Lx/bitmain_firmware/Antminer-L7-release-202211301200/minerfs.no_header.image_extract/usr/lib/lighttpd/mod_extforward.so
/home/danielsokil/Lab/HashSource/hashsource_antminer_Lx/bitmain_firmware/Antminer-L7-release-202211301200/minerfs.no_header.image_extract/usr/lib/lighttpd/mod_fastcgi.so
/home/danielsokil/Lab/HashSource/hashsource_antminer_Lx/bitmain_firmware/Antminer-L7-release-202211301200/minerfs.no_header.image_extract/usr/lib/lighttpd/mod_flv_streaming.so
/home/danielsokil/Lab/HashSource/hashsource_antminer_Lx/bitmain_firmware/Antminer-L7-release-202211301200/minerfs.no_header.image_extract/usr/lib/lighttpd/mod_indexfile.so
/home/danielsokil/Lab/HashSource/hashsource_antminer_Lx/bitmain_firmware/Antminer-L7-release-202211301200/minerfs.no_header.image_extract/usr/lib/lighttpd/mod_magnet.so
/home/danielsokil/Lab/HashSource/hashsource_antminer_Lx/bitmain_firmware/Antminer-L7-release-202211301200/minerfs.no_header.image_extract/usr/lib/lighttpd/mod_mysql_vhost.so
/home/danielsokil/Lab/HashSource/hashsource_antminer_Lx/bitmain_firmware/Antminer-L7-release-202211301200/minerfs.no_header.image_extract/usr/lib/lighttpd/mod_proxy.so
/home/danielsokil/Lab/HashSource/hashsource_antminer_Lx/bitmain_firmware/Antminer-L7-release-202211301200/minerfs.no_header.image_extract/usr/lib/lighttpd/mod_redirect.so
/home/danielsokil/Lab/HashSource/hashsource_antminer_Lx/bitmain_firmware/Antminer-L7-release-202211301200/minerfs.no_header.image_extract/usr/lib/lighttpd/mod_rewrite.so
/home/danielsokil/Lab/HashSource/hashsource_antminer_Lx/bitmain_firmware/Antminer-L7-release-202211301200/minerfs.no_header.image_extract/usr/lib/lighttpd/mod_rrdtool.so
/home/danielsokil/Lab/HashSource/hashsource_antminer_Lx/bitmain_firmware/Antminer-L7-release-202211301200/minerfs.no_header.image_extract/usr/lib/lighttpd/mod_scgi.so
/home/danielsokil/Lab/HashSource/hashsource_antminer_Lx/bitmain_firmware/Antminer-L7-release-202211301200/minerfs.no_header.image_extract/usr/lib/lighttpd/mod_secdownload.so
/home/danielsokil/Lab/HashSource/hashsource_antminer_Lx/bitmain_firmware/Antminer-L7-release-202211301200/minerfs.no_header.image_extract/usr/lib/lighttpd/mod_setenv.so
/home/danielsokil/Lab/HashSource/hashsource_antminer_Lx/bitmain_firmware/Antminer-L7-release-202211301200/minerfs.no_header.image_extract/usr/lib/lighttpd/mod_simple_vhost.so
/home/danielsokil/Lab/HashSource/hashsource_antminer_Lx/bitmain_firmware/Antminer-L7-release-202211301200/minerfs.no_header.image_extract/usr/lib/lighttpd/mod_ssi.so
/home/danielsokil/Lab/HashSource/hashsource_antminer_Lx/bitmain_firmware/Antminer-L7-release-202211301200/minerfs.no_header.image_extract/usr/lib/lighttpd/mod_staticfile.so
/home/danielsokil/Lab/HashSource/hashsource_antminer_Lx/bitmain_firmware/Antminer-L7-release-202211301200/minerfs.no_header.image_extract/usr/lib/lighttpd/mod_status.so
/home/danielsokil/Lab/HashSource/hashsource_antminer_Lx/bitmain_firmware/Antminer-L7-release-202211301200/minerfs.no_header.image_extract/usr/lib/lighttpd/mod_trigger_b4_dl.so
/home/danielsokil/Lab/HashSource/hashsource_antminer_Lx/bitmain_firmware/Antminer-L7-release-202211301200/minerfs.no_header.image_extract/usr/lib/lighttpd/mod_userdir.so
/home/danielsokil/Lab/HashSource/hashsource_antminer_Lx/bitmain_firmware/Antminer-L7-release-202211301200/minerfs.no_header.image_extract/usr/lib/lighttpd/mod_usertrack.so
/home/danielsokil/Lab/HashSource/hashsource_antminer_Lx/bitmain_firmware/Antminer-L7-release-202211301200/minerfs.no_header.image_extract/usr/lib/lighttpd/mod_webdav.so
/home/danielsokil/Lab/HashSource/hashsource_antminer_Lx/bitmain_firmware/Antminer-L7-release-202211301200/minerfs.no_header.image_extract/usr/lib/xtables/libip6t_DNAT.so
/home/danielsokil/Lab/HashSource/hashsource_antminer_Lx/bitmain_firmware/Antminer-L7-release-202211301200/minerfs.no_header.image_extract/usr/lib/xtables/libip6t_DNPT.so
/home/danielsokil/Lab/HashSource/hashsource_antminer_Lx/bitmain_firmware/Antminer-L7-release-202211301200/minerfs.no_header.image_extract/usr/lib/xtables/libip6t_HL.so
/home/danielsokil/Lab/HashSource/hashsource_antminer_Lx/bitmain_firmware/Antminer-L7-release-202211301200/minerfs.no_header.image_extract/usr/lib/xtables/libip6t_LOG.so
/home/danielsokil/Lab/HashSource/hashsource_antminer_Lx/bitmain_firmware/Antminer-L7-release-202211301200/minerfs.no_header.image_extract/usr/lib/xtables/libip6t_MASQUERADE.so
/home/danielsokil/Lab/HashSource/hashsource_antminer_Lx/bitmain_firmware/Antminer-L7-release-202211301200/minerfs.no_header.image_extract/usr/lib/xtables/libip6t_NETMAP.so
/home/danielsokil/Lab/HashSource/hashsource_antminer_Lx/bitmain_firmware/Antminer-L7-release-202211301200/minerfs.no_header.image_extract/usr/lib/xtables/libip6t_REDIRECT.so
/home/danielsokil/Lab/HashSource/hashsource_antminer_Lx/bitmain_firmware/Antminer-L7-release-202211301200/minerfs.no_header.image_extract/usr/lib/xtables/libip6t_REJECT.so
/home/danielsokil/Lab/HashSource/hashsource_antminer_Lx/bitmain_firmware/Antminer-L7-release-202211301200/minerfs.no_header.image_extract/usr/lib/xtables/libip6t_SNAT.so
/home/danielsokil/Lab/HashSource/hashsource_antminer_Lx/bitmain_firmware/Antminer-L7-release-202211301200/minerfs.no_header.image_extract/usr/lib/xtables/libip6t_SNPT.so
/home/danielsokil/Lab/HashSource/hashsource_antminer_Lx/bitmain_firmware/Antminer-L7-release-202211301200/minerfs.no_header.image_extract/usr/lib/xtables/libip6t_ah.so
/home/danielsokil/Lab/HashSource/hashsource_antminer_Lx/bitmain_firmware/Antminer-L7-release-202211301200/minerfs.no_header.image_extract/usr/lib/xtables/libip6t_dst.so
/home/danielsokil/Lab/HashSource/hashsource_antminer_Lx/bitmain_firmware/Antminer-L7-release-202211301200/minerfs.no_header.image_extract/usr/lib/xtables/libip6t_eui64.so
/home/danielsokil/Lab/HashSource/hashsource_antminer_Lx/bitmain_firmware/Antminer-L7-release-202211301200/minerfs.no_header.image_extract/usr/lib/xtables/libip6t_frag.so
/home/danielsokil/Lab/HashSource/hashsource_antminer_Lx/bitmain_firmware/Antminer-L7-release-202211301200/minerfs.no_header.image_extract/usr/lib/xtables/libip6t_hbh.so
/home/danielsokil/Lab/HashSource/hashsource_antminer_Lx/bitmain_firmware/Antminer-L7-release-202211301200/minerfs.no_header.image_extract/usr/lib/xtables/libip6t_hl.so
/home/danielsokil/Lab/HashSource/hashsource_antminer_Lx/bitmain_firmware/Antminer-L7-release-202211301200/minerfs.no_header.image_extract/usr/lib/xtables/libip6t_icmp6.so
/home/danielsokil/Lab/HashSource/hashsource_antminer_Lx/bitmain_firmware/Antminer-L7-release-202211301200/minerfs.no_header.image_extract/usr/lib/xtables/libip6t_ipv6header.so
/home/danielsokil/Lab/HashSource/hashsource_antminer_Lx/bitmain_firmware/Antminer-L7-release-202211301200/minerfs.no_header.image_extract/usr/lib/xtables/libip6t_mh.so
/home/danielsokil/Lab/HashSource/hashsource_antminer_Lx/bitmain_firmware/Antminer-L7-release-202211301200/minerfs.no_header.image_extract/usr/lib/xtables/libip6t_rt.so
/home/danielsokil/Lab/HashSource/hashsource_antminer_Lx/bitmain_firmware/Antminer-L7-release-202211301200/minerfs.no_header.image_extract/usr/lib/xtables/libip6t_srh.so
/home/danielsokil/Lab/HashSource/hashsource_antminer_Lx/bitmain_firmware/Antminer-L7-release-202211301200/minerfs.no_header.image_extract/usr/lib/xtables/libipt_CLUSTERIP.so
/home/danielsokil/Lab/HashSource/hashsource_antminer_Lx/bitmain_firmware/Antminer-L7-release-202211301200/minerfs.no_header.image_extract/usr/lib/xtables/libipt_DNAT.so
/home/danielsokil/Lab/HashSource/hashsource_antminer_Lx/bitmain_firmware/Antminer-L7-release-202211301200/minerfs.no_header.image_extract/usr/lib/xtables/libipt_ECN.so
/home/danielsokil/Lab/HashSource/hashsource_antminer_Lx/bitmain_firmware/Antminer-L7-release-202211301200/minerfs.no_header.image_extract/usr/lib/xtables/libipt_LOG.so
/home/danielsokil/Lab/HashSource/hashsource_antminer_Lx/bitmain_firmware/Antminer-L7-release-202211301200/minerfs.no_header.image_extract/usr/lib/xtables/libipt_MASQUERADE.so
/home/danielsokil/Lab/HashSource/hashsource_antminer_Lx/bitmain_firmware/Antminer-L7-release-202211301200/minerfs.no_header.image_extract/usr/lib/xtables/libipt_NETMAP.so
/home/danielsokil/Lab/HashSource/hashsource_antminer_Lx/bitmain_firmware/Antminer-L7-release-202211301200/minerfs.no_header.image_extract/usr/lib/xtables/libipt_REDIRECT.so
/home/danielsokil/Lab/HashSource/hashsource_antminer_Lx/bitmain_firmware/Antminer-L7-release-202211301200/minerfs.no_header.image_extract/usr/lib/xtables/libipt_REJECT.so
/home/danielsokil/Lab/HashSource/hashsource_antminer_Lx/bitmain_firmware/Antminer-L7-release-202211301200/minerfs.no_header.image_extract/usr/lib/xtables/libipt_SNAT.so
/home/danielsokil/Lab/HashSource/hashsource_antminer_Lx/bitmain_firmware/Antminer-L7-release-202211301200/minerfs.no_header.image_extract/usr/lib/xtables/libipt_TTL.so
/home/danielsokil/Lab/HashSource/hashsource_antminer_Lx/bitmain_firmware/Antminer-L7-release-202211301200/minerfs.no_header.image_extract/usr/lib/xtables/libipt_ULOG.so
/home/danielsokil/Lab/HashSource/hashsource_antminer_Lx/bitmain_firmware/Antminer-L7-release-202211301200/minerfs.no_header.image_extract/usr/lib/xtables/libipt_ah.so
/home/danielsokil/Lab/HashSource/hashsource_antminer_Lx/bitmain_firmware/Antminer-L7-release-202211301200/minerfs.no_header.image_extract/usr/lib/xtables/libipt_icmp.so
/home/danielsokil/Lab/HashSource/hashsource_antminer_Lx/bitmain_firmware/Antminer-L7-release-202211301200/minerfs.no_header.image_extract/usr/lib/xtables/libipt_realm.so
/home/danielsokil/Lab/HashSource/hashsource_antminer_Lx/bitmain_firmware/Antminer-L7-release-202211301200/minerfs.no_header.image_extract/usr/lib/xtables/libipt_ttl.so
/home/danielsokil/Lab/HashSource/hashsource_antminer_Lx/bitmain_firmware/Antminer-L7-release-202211301200/minerfs.no_header.image_extract/usr/lib/xtables/libxt_AUDIT.so
/home/danielsokil/Lab/HashSource/hashsource_antminer_Lx/bitmain_firmware/Antminer-L7-release-202211301200/minerfs.no_header.image_extract/usr/lib/xtables/libxt_CHECKSUM.so
/home/danielsokil/Lab/HashSource/hashsource_antminer_Lx/bitmain_firmware/Antminer-L7-release-202211301200/minerfs.no_header.image_extract/usr/lib/xtables/libxt_CLASSIFY.so
/home/danielsokil/Lab/HashSource/hashsource_antminer_Lx/bitmain_firmware/Antminer-L7-release-202211301200/minerfs.no_header.image_extract/usr/lib/xtables/libxt_CONNMARK.so
/home/danielsokil/Lab/HashSource/hashsource_antminer_Lx/bitmain_firmware/Antminer-L7-release-202211301200/minerfs.no_header.image_extract/usr/lib/xtables/libxt_CONNSECMARK.so
/home/danielsokil/Lab/HashSource/hashsource_antminer_Lx/bitmain_firmware/Antminer-L7-release-202211301200/minerfs.no_header.image_extract/usr/lib/xtables/libxt_CT.so
/home/danielsokil/Lab/HashSource/hashsource_antminer_Lx/bitmain_firmware/Antminer-L7-release-202211301200/minerfs.no_header.image_extract/usr/lib/xtables/libxt_DSCP.so
/home/danielsokil/Lab/HashSource/hashsource_antminer_Lx/bitmain_firmware/Antminer-L7-release-202211301200/minerfs.no_header.image_extract/usr/lib/xtables/libxt_HMARK.so
/home/danielsokil/Lab/HashSource/hashsource_antminer_Lx/bitmain_firmware/Antminer-L7-release-202211301200/minerfs.no_header.image_extract/usr/lib/xtables/libxt_IDLETIMER.so
/home/danielsokil/Lab/HashSource/hashsource_antminer_Lx/bitmain_firmware/Antminer-L7-release-202211301200/minerfs.no_header.image_extract/usr/lib/xtables/libxt_LED.so
/home/danielsokil/Lab/HashSource/hashsource_antminer_Lx/bitmain_firmware/Antminer-L7-release-202211301200/minerfs.no_header.image_extract/usr/lib/xtables/libxt_MARK.so
/home/danielsokil/Lab/HashSource/hashsource_antminer_Lx/bitmain_firmware/Antminer-L7-release-202211301200/minerfs.no_header.image_extract/usr/lib/xtables/libxt_NFLOG.so
/home/danielsokil/Lab/HashSource/hashsource_antminer_Lx/bitmain_firmware/Antminer-L7-release-202211301200/minerfs.no_header.image_extract/usr/lib/xtables/libxt_NFQUEUE.so
/home/danielsokil/Lab/HashSource/hashsource_antminer_Lx/bitmain_firmware/Antminer-L7-release-202211301200/minerfs.no_header.image_extract/usr/lib/xtables/libxt_RATEEST.so
/home/danielsokil/Lab/HashSource/hashsource_antminer_Lx/bitmain_firmware/Antminer-L7-release-202211301200/minerfs.no_header.image_extract/usr/lib/xtables/libxt_SECMARK.so
/home/danielsokil/Lab/HashSource/hashsource_antminer_Lx/bitmain_firmware/Antminer-L7-release-202211301200/minerfs.no_header.image_extract/usr/lib/xtables/libxt_SET.so
/home/danielsokil/Lab/HashSource/hashsource_antminer_Lx/bitmain_firmware/Antminer-L7-release-202211301200/minerfs.no_header.image_extract/usr/lib/xtables/libxt_SYNPROXY.so
/home/danielsokil/Lab/HashSource/hashsource_antminer_Lx/bitmain_firmware/Antminer-L7-release-202211301200/minerfs.no_header.image_extract/usr/lib/xtables/libxt_TCPMSS.so
/home/danielsokil/Lab/HashSource/hashsource_antminer_Lx/bitmain_firmware/Antminer-L7-release-202211301200/minerfs.no_header.image_extract/usr/lib/xtables/libxt_TCPOPTSTRIP.so
/home/danielsokil/Lab/HashSource/hashsource_antminer_Lx/bitmain_firmware/Antminer-L7-release-202211301200/minerfs.no_header.image_extract/usr/lib/xtables/libxt_TEE.so
/home/danielsokil/Lab/HashSource/hashsource_antminer_Lx/bitmain_firmware/Antminer-L7-release-202211301200/minerfs.no_header.image_extract/usr/lib/xtables/libxt_TOS.so
/home/danielsokil/Lab/HashSource/hashsource_antminer_Lx/bitmain_firmware/Antminer-L7-release-202211301200/minerfs.no_header.image_extract/usr/lib/xtables/libxt_TPROXY.so
/home/danielsokil/Lab/HashSource/hashsource_antminer_Lx/bitmain_firmware/Antminer-L7-release-202211301200/minerfs.no_header.image_extract/usr/lib/xtables/libxt_TRACE.so
/home/danielsokil/Lab/HashSource/hashsource_antminer_Lx/bitmain_firmware/Antminer-L7-release-202211301200/minerfs.no_header.image_extract/usr/lib/xtables/libxt_addrtype.so
/home/danielsokil/Lab/HashSource/hashsource_antminer_Lx/bitmain_firmware/Antminer-L7-release-202211301200/minerfs.no_header.image_extract/usr/lib/xtables/libxt_bpf.so
/home/danielsokil/Lab/HashSource/hashsource_antminer_Lx/bitmain_firmware/Antminer-L7-release-202211301200/minerfs.no_header.image_extract/usr/lib/xtables/libxt_cgroup.so
/home/danielsokil/Lab/HashSource/hashsource_antminer_Lx/bitmain_firmware/Antminer-L7-release-202211301200/minerfs.no_header.image_extract/usr/lib/xtables/libxt_cluster.so
/home/danielsokil/Lab/HashSource/hashsource_antminer_Lx/bitmain_firmware/Antminer-L7-release-202211301200/minerfs.no_header.image_extract/usr/lib/xtables/libxt_comment.so
/home/danielsokil/Lab/HashSource/hashsource_antminer_Lx/bitmain_firmware/Antminer-L7-release-202211301200/minerfs.no_header.image_extract/usr/lib/xtables/libxt_connbytes.so
/home/danielsokil/Lab/HashSource/hashsource_antminer_Lx/bitmain_firmware/Antminer-L7-release-202211301200/minerfs.no_header.image_extract/usr/lib/xtables/libxt_connlimit.so
/home/danielsokil/Lab/HashSource/hashsource_antminer_Lx/bitmain_firmware/Antminer-L7-release-202211301200/minerfs.no_header.image_extract/usr/lib/xtables/libxt_connmark.so
/home/danielsokil/Lab/HashSource/hashsource_antminer_Lx/bitmain_firmware/Antminer-L7-release-202211301200/minerfs.no_header.image_extract/usr/lib/xtables/libxt_conntrack.so
/home/danielsokil/Lab/HashSource/hashsource_antminer_Lx/bitmain_firmware/Antminer-L7-release-202211301200/minerfs.no_header.image_extract/usr/lib/xtables/libxt_cpu.so
/home/danielsokil/Lab/HashSource/hashsource_antminer_Lx/bitmain_firmware/Antminer-L7-release-202211301200/minerfs.no_header.image_extract/usr/lib/xtables/libxt_dccp.so
/home/danielsokil/Lab/HashSource/hashsource_antminer_Lx/bitmain_firmware/Antminer-L7-release-202211301200/minerfs.no_header.image_extract/usr/lib/xtables/libxt_devgroup.so
/home/danielsokil/Lab/HashSource/hashsource_antminer_Lx/bitmain_firmware/Antminer-L7-release-202211301200/minerfs.no_header.image_extract/usr/lib/xtables/libxt_dscp.so
/home/danielsokil/Lab/HashSource/hashsource_antminer_Lx/bitmain_firmware/Antminer-L7-release-202211301200/minerfs.no_header.image_extract/usr/lib/xtables/libxt_ecn.so
/home/danielsokil/Lab/HashSource/hashsource_antminer_Lx/bitmain_firmware/Antminer-L7-release-202211301200/minerfs.no_header.image_extract/usr/lib/xtables/libxt_esp.so
/home/danielsokil/Lab/HashSource/hashsource_antminer_Lx/bitmain_firmware/Antminer-L7-release-202211301200/minerfs.no_header.image_extract/usr/lib/xtables/libxt_hashlimit.so
/home/danielsokil/Lab/HashSource/hashsource_antminer_Lx/bitmain_firmware/Antminer-L7-release-202211301200/minerfs.no_header.image_extract/usr/lib/xtables/libxt_helper.so
/home/danielsokil/Lab/HashSource/hashsource_antminer_Lx/bitmain_firmware/Antminer-L7-release-202211301200/minerfs.no_header.image_extract/usr/lib/xtables/libxt_ipcomp.so
/home/danielsokil/Lab/HashSource/hashsource_antminer_Lx/bitmain_firmware/Antminer-L7-release-202211301200/minerfs.no_header.image_extract/usr/lib/xtables/libxt_iprange.so
/home/danielsokil/Lab/HashSource/hashsource_antminer_Lx/bitmain_firmware/Antminer-L7-release-202211301200/minerfs.no_header.image_extract/usr/lib/xtables/libxt_ipvs.so
/home/danielsokil/Lab/HashSource/hashsource_antminer_Lx/bitmain_firmware/Antminer-L7-release-202211301200/minerfs.no_header.image_extract/usr/lib/xtables/libxt_length.so
/home/danielsokil/Lab/HashSource/hashsource_antminer_Lx/bitmain_firmware/Antminer-L7-release-202211301200/minerfs.no_header.image_extract/usr/lib/xtables/libxt_limit.so
/home/danielsokil/Lab/HashSource/hashsource_antminer_Lx/bitmain_firmware/Antminer-L7-release-202211301200/minerfs.no_header.image_extract/usr/lib/xtables/libxt_mac.so
/home/danielsokil/Lab/HashSource/hashsource_antminer_Lx/bitmain_firmware/Antminer-L7-release-202211301200/minerfs.no_header.image_extract/usr/lib/xtables/libxt_mark.so
/home/danielsokil/Lab/HashSource/hashsource_antminer_Lx/bitmain_firmware/Antminer-L7-release-202211301200/minerfs.no_header.image_extract/usr/lib/xtables/libxt_multiport.so
/home/danielsokil/Lab/HashSource/hashsource_antminer_Lx/bitmain_firmware/Antminer-L7-release-202211301200/minerfs.no_header.image_extract/usr/lib/xtables/libxt_nfacct.so
/home/danielsokil/Lab/HashSource/hashsource_antminer_Lx/bitmain_firmware/Antminer-L7-release-202211301200/minerfs.no_header.image_extract/usr/lib/xtables/libxt_osf.so
/home/danielsokil/Lab/HashSource/hashsource_antminer_Lx/bitmain_firmware/Antminer-L7-release-202211301200/minerfs.no_header.image_extract/usr/lib/xtables/libxt_owner.so
/home/danielsokil/Lab/HashSource/hashsource_antminer_Lx/bitmain_firmware/Antminer-L7-release-202211301200/minerfs.no_header.image_extract/usr/lib/xtables/libxt_physdev.so
/home/danielsokil/Lab/HashSource/hashsource_antminer_Lx/bitmain_firmware/Antminer-L7-release-202211301200/minerfs.no_header.image_extract/usr/lib/xtables/libxt_pkttype.so
/home/danielsokil/Lab/HashSource/hashsource_antminer_Lx/bitmain_firmware/Antminer-L7-release-202211301200/minerfs.no_header.image_extract/usr/lib/xtables/libxt_policy.so
/home/danielsokil/Lab/HashSource/hashsource_antminer_Lx/bitmain_firmware/Antminer-L7-release-202211301200/minerfs.no_header.image_extract/usr/lib/xtables/libxt_quota.so
/home/danielsokil/Lab/HashSource/hashsource_antminer_Lx/bitmain_firmware/Antminer-L7-release-202211301200/minerfs.no_header.image_extract/usr/lib/xtables/libxt_rateest.so
/home/danielsokil/Lab/HashSource/hashsource_antminer_Lx/bitmain_firmware/Antminer-L7-release-202211301200/minerfs.no_header.image_extract/usr/lib/xtables/libxt_recent.so
/home/danielsokil/Lab/HashSource/hashsource_antminer_Lx/bitmain_firmware/Antminer-L7-release-202211301200/minerfs.no_header.image_extract/usr/lib/xtables/libxt_rpfilter.so
/home/danielsokil/Lab/HashSource/hashsource_antminer_Lx/bitmain_firmware/Antminer-L7-release-202211301200/minerfs.no_header.image_extract/usr/lib/xtables/libxt_sctp.so
/home/danielsokil/Lab/HashSource/hashsource_antminer_Lx/bitmain_firmware/Antminer-L7-release-202211301200/minerfs.no_header.image_extract/usr/lib/xtables/libxt_set.so
/home/danielsokil/Lab/HashSource/hashsource_antminer_Lx/bitmain_firmware/Antminer-L7-release-202211301200/minerfs.no_header.image_extract/usr/lib/xtables/libxt_socket.so
/home/danielsokil/Lab/HashSource/hashsource_antminer_Lx/bitmain_firmware/Antminer-L7-release-202211301200/minerfs.no_header.image_extract/usr/lib/xtables/libxt_standard.so
/home/danielsokil/Lab/HashSource/hashsource_antminer_Lx/bitmain_firmware/Antminer-L7-release-202211301200/minerfs.no_header.image_extract/usr/lib/xtables/libxt_statistic.so
/home/danielsokil/Lab/HashSource/hashsource_antminer_Lx/bitmain_firmware/Antminer-L7-release-202211301200/minerfs.no_header.image_extract/usr/lib/xtables/libxt_string.so
/home/danielsokil/Lab/HashSource/hashsource_antminer_Lx/bitmain_firmware/Antminer-L7-release-202211301200/minerfs.no_header.image_extract/usr/lib/xtables/libxt_tcp.so
/home/danielsokil/Lab/HashSource/hashsource_antminer_Lx/bitmain_firmware/Antminer-L7-release-202211301200/minerfs.no_header.image_extract/usr/lib/xtables/libxt_tcpmss.so
/home/danielsokil/Lab/HashSource/hashsource_antminer_Lx/bitmain_firmware/Antminer-L7-release-202211301200/minerfs.no_header.image_extract/usr/lib/xtables/libxt_time.so
/home/danielsokil/Lab/HashSource/hashsource_antminer_Lx/bitmain_firmware/Antminer-L7-release-202211301200/minerfs.no_header.image_extract/usr/lib/xtables/libxt_tos.so
/home/danielsokil/Lab/HashSource/hashsource_antminer_Lx/bitmain_firmware/Antminer-L7-release-202211301200/minerfs.no_header.image_extract/usr/lib/xtables/libxt_u32.so
/home/danielsokil/Lab/HashSource/hashsource_antminer_Lx/bitmain_firmware/Antminer-L7-release-202211301200/minerfs.no_header.image_extract/usr/lib/xtables/libxt_udp.so
/home/danielsokil/Lab/HashSource/hashsource_antminer_Lx/bitmain_firmware/Antminer-L7-release-202211301200/minerfs.no_header.image_extract/usr/libexec/sudo/group_file.so
/home/danielsokil/Lab/HashSource/hashsource_antminer_Lx/bitmain_firmware/Antminer-L7-release-202211301200/minerfs.no_header.image_extract/usr/libexec/sudo/libsudo_util.so.0.0.0
/home/danielsokil/Lab/HashSource/hashsource_antminer_Lx/bitmain_firmware/Antminer-L7-release-202211301200/minerfs.no_header.image_extract/usr/libexec/sudo/sudo_noexec.so
/home/danielsokil/Lab/HashSource/hashsource_antminer_Lx/bitmain_firmware/Antminer-L7-release-202211301200/minerfs.no_header.image_extract/usr/libexec/sudo/sudoers.so
/home/danielsokil/Lab/HashSource/hashsource_antminer_Lx/bitmain_firmware/Antminer-L7-release-202211301200/minerfs.no_header.image_extract/usr/libexec/sudo/system_group.so
/home/danielsokil/Lab/HashSource/hashsource_antminer_Lx/bitmain_firmware/Antminer-L7-release-202211301200/minerfs.no_header.image_extract/usr/sbin/antlogin
/home/danielsokil/Lab/HashSource/hashsource_antminer_Lx/bitmain_firmware/Antminer-L7-release-202211301200/minerfs.no_header.image_extract/usr/sbin/avahi-autoipd
/home/danielsokil/Lab/HashSource/hashsource_antminer_Lx/bitmain_firmware/Antminer-L7-release-202211301200/minerfs.no_header.image_extract/usr/sbin/avahi-daemon
/home/danielsokil/Lab/HashSource/hashsource_antminer_Lx/bitmain_firmware/Antminer-L7-release-202211301200/minerfs.no_header.image_extract/usr/sbin/avahi-dnsconfd
/home/danielsokil/Lab/HashSource/hashsource_antminer_Lx/bitmain_firmware/Antminer-L7-release-202211301200/minerfs.no_header.image_extract/usr/sbin/dropbear
/home/danielsokil/Lab/HashSource/hashsource_antminer_Lx/bitmain_firmware/Antminer-L7-release-202211301200/minerfs.no_header.image_extract/usr/sbin/flash_erase
/home/danielsokil/Lab/HashSource/hashsource_antminer_Lx/bitmain_firmware/Antminer-L7-release-202211301200/minerfs.no_header.image_extract/usr/sbin/lighttpd
/home/danielsokil/Lab/HashSource/hashsource_antminer_Lx/bitmain_firmware/Antminer-L7-release-202211301200/minerfs.no_header.image_extract/usr/sbin/lighttpd-angel
/home/danielsokil/Lab/HashSource/hashsource_antminer_Lx/bitmain_firmware/Antminer-L7-release-202211301200/minerfs.no_header.image_extract/usr/sbin/ntpd
/home/danielsokil/Lab/HashSource/hashsource_antminer_Lx/bitmain_firmware/Antminer-L7-release-202211301200/minerfs.no_header.image_extract/usr/sbin/ubiattach
/home/danielsokil/Lab/HashSource/hashsource_antminer_Lx/bitmain_firmware/Antminer-L7-release-202211301200/minerfs.no_header.image_extract/usr/sbin/ubiformat
/home/danielsokil/Lab/HashSource/hashsource_antminer_Lx/bitmain_firmware/Antminer-L7-release-202211301200/minerfs.no_header.image_extract/usr/sbin/ubimkvol
/home/danielsokil/Lab/HashSource/hashsource_antminer_Lx/bitmain_firmware/Antminer-L7-release-202211301200/minerfs.no_header.image_extract/usr/sbin/update-daemon
/home/danielsokil/Lab/HashSource/hashsource_antminer_Lx/bitmain_firmware/Antminer-L7-release-202211301200/minerfs.no_header.image_extract/usr/sbin/visudo
/home/danielsokil/Lab/HashSource/hashsource_antminer_Lx/bitmain_firmware/Antminer-L7-release-202211301200/minerfs.no_header.image_extract/usr/sbin/xtables-legacy-multi
/home/danielsokil/Lab/HashSource/hashsource_antminer_Lx/bitmain_firmware/Antminer-L7-release-202211301200/update.no_header.image_extract/bin/busybox
/home/danielsokil/Lab/HashSource/hashsource_antminer_Lx/bitmain_firmware/Antminer-L7-release-202211301200/update.no_header.image_extract/sbin/halt
/home/danielsokil/Lab/HashSource/hashsource_antminer_Lx/bitmain_firmware/Antminer-L7-release-202211301200/update.no_header.image_extract/sbin/init
/home/danielsokil/Lab/HashSource/hashsource_antminer_Lx/bitmain_firmware/Antminer-L7-release-202211301200/update.no_header.image_extract/sbin/killall5
/home/danielsokil/Lab/HashSource/hashsource_antminer_Lx/bitmain_firmware/Antminer-L7-release-202211301200/update.no_header.image_extract/sbin/shutdown
/home/danielsokil/Lab/HashSource/hashsource_antminer_Lx/bitmain_firmware/Antminer-L7-release-202211301200/update.no_header.image_extract/usr/bin/FileParser
/home/danielsokil/Lab/HashSource/hashsource_antminer_Lx/bitmain_firmware/Antminer-L7-release-202211301200/update.no_header.image_extract/usr/bin/netcat
/home/danielsokil/Lab/HashSource/hashsource_antminer_Lx/bitmain_firmware/Antminer-L7-release-202211301200/update.no_header.image_extract/usr/bin/openssl
/home/danielsokil/Lab/HashSource/hashsource_antminer_Lx/bitmain_firmware/Antminer-L7-release-202211301200/update.no_header.image_extract/usr/bin/xmlwf
/home/danielsokil/Lab/HashSource/hashsource_antminer_Lx/bitmain_firmware/Antminer-L7-release-202211301200/update.no_header.image_extract/usr/lib/libaio.so.1.0.1
/home/danielsokil/Lab/HashSource/hashsource_antminer_Lx/bitmain_firmware/Antminer-L7-release-202211301200/update.no_header.image_extract/usr/lib/libcrypto.so.1.1
/home/danielsokil/Lab/HashSource/hashsource_antminer_Lx/bitmain_firmware/Antminer-L7-release-202211301200/update.no_header.image_extract/usr/lib/libdaemon.so.0.5.0
/home/danielsokil/Lab/HashSource/hashsource_antminer_Lx/bitmain_firmware/Antminer-L7-release-202211301200/update.no_header.image_extract/usr/lib/libevent-2.1.so.6.0.2
/home/danielsokil/Lab/HashSource/hashsource_antminer_Lx/bitmain_firmware/Antminer-L7-release-202211301200/update.no_header.image_extract/usr/lib/libevent_core-2.1.so.6.0.2
/home/danielsokil/Lab/HashSource/hashsource_antminer_Lx/bitmain_firmware/Antminer-L7-release-202211301200/update.no_header.image_extract/usr/lib/libevent_extra-2.1.so.6.0.2
/home/danielsokil/Lab/HashSource/hashsource_antminer_Lx/bitmain_firmware/Antminer-L7-release-202211301200/update.no_header.image_extract/usr/lib/libevent_openssl-2.1.so.6.0.2
/home/danielsokil/Lab/HashSource/hashsource_antminer_Lx/bitmain_firmware/Antminer-L7-release-202211301200/update.no_header.image_extract/usr/lib/libevent_pthreads-2.1.so.6.0.2
/home/danielsokil/Lab/HashSource/hashsource_antminer_Lx/bitmain_firmware/Antminer-L7-release-202211301200/update.no_header.image_extract/usr/lib/libexpat.so.1.6.10
/home/danielsokil/Lab/HashSource/hashsource_antminer_Lx/bitmain_firmware/Antminer-L7-release-202211301200/update.no_header.image_extract/usr/lib/libssl.so.1.1
/home/danielsokil/Lab/HashSource/hashsource_antminer_Lx/bitmain_firmware/Antminer-L7-release-202211301200/update.no_header.image_extract/usr/lib/libz.so.1.2.11
/home/danielsokil/Lab/HashSource/hashsource_antminer_Lx/bitmain_firmware/Antminer-L7-release-202211301200/update.no_header.image_extract/usr/sbin/flash_erase
/home/danielsokil/Lab/HashSource/hashsource_antminer_Lx/bitmain_firmware/Antminer-L7-release-202211301200/update.no_header.image_extract/usr/sbin/mtdinfo
/home/danielsokil/Lab/HashSource/hashsource_antminer_Lx/bitmain_firmware/Antminer-L7-release-202211301200/update.no_header.image_extract/usr/sbin/nanddump
/home/danielsokil/Lab/HashSource/hashsource_antminer_Lx/bitmain_firmware/Antminer-L7-release-202211301200/update.no_header.image_extract/usr/sbin/nandwrite
/home/danielsokil/Lab/HashSource/hashsource_antminer_Lx/bitmain_firmware/Antminer-L7-release-202211301200/update.no_header.image_extract/usr/sbin/ubiattach
/home/danielsokil/Lab/HashSource/hashsource_antminer_Lx/bitmain_firmware/Antminer-L7-release-202211301200/update.no_header.image_extract/usr/sbin/ubidetach
/home/danielsokil/Lab/HashSource/hashsource_antminer_Lx/bitmain_firmware/Antminer-L7-release-202211301200/update.no_header.image_extract/usr/sbin/ubiformat
/home/danielsokil/Lab/HashSource/hashsource_antminer_Lx/bitmain_firmware/Antminer-L7-release-202211301200/update.no_header.image_extract/usr/sbin/ubimkvol
/home/danielsokil/Lab/HashSource/hashsource_antminer_Lx/bitmain_firmware/Antminer-L7-release-202211301200/update.no_header.image_extract/usr/sbin/ubinfo
/home/danielsokil/Lab/HashSource/hashsource_antminer_Lx/bitmain_firmware/Antminer-L7-release-202211301200/update.no_header.image_extract/usr/sbin/ubirmvol
/home/danielsokil/Lab/HashSource/hashsource_antminer_Lx/bitmain_firmware/Antminer-L7-release-202301300939/minerfs.no_header.image_extract/bin/busybox
/home/danielsokil/Lab/HashSource/hashsource_antminer_Lx/bitmain_firmware/Antminer-L7-release-202301300939/minerfs.no_header.image_extract/usr/bin/godminer
/home/danielsokil/Lab/HashSource/hashsource_antminer_Lx/bitmain_firmware/Antminer-L7-release-202301300939/minerfs.no_header.image_extract/usr/bin/monitor-ipsig
/home/danielsokil/Lab/HashSource/hashsource_antminer_Lx/bitmain_firmware/Antminer-L7-release-202301300939/minerfs.no_header.image_extract/usr/bin/monitor-recobtn
/home/danielsokil/Lab/HashSource/hashsource_antminer_Lx/bitmain_firmware/Antminer-L7-release-202301300939/minerfs.no_header.image_extract/usr/bin/ntpdate
/home/danielsokil/Lab/HashSource/hashsource_antminer_Lx/bitmain_firmware/Antminer-L7-release-202301300939/minerfs.no_header.image_extract/usr/lib/libcrypto.so.1.1
/home/danielsokil/Lab/HashSource/hashsource_antminer_Lx/bitmain_firmware/Antminer-L7-release-202301300939/minerfs.no_header.image_extract/usr/sbin/lighttpd
/home/danielsokil/Lab/HashSource/hashsource_antminer_Lx/bitmain_firmware/Antminer-L7-release-202301300939/minerfs.no_header.image_extract/usr/sbin/ntpd
/home/danielsokil/Lab/HashSource/hashsource_antminer_Lx/bitmain_firmware/Antminer-L7-release-202301300939/update.no_header.image_extract/bin/busybox
/home/danielsokil/Lab/HashSource/hashsource_antminer_Lx/bitmain_firmware/Antminer-L7-release-202301300939/update.no_header.image_extract/usr/lib/libcrypto.so.1.1
/home/danielsokil/Lab/HashSource/hashsource_antminer_Lx/bitmain_firmware/Antminer-L7-release-202405141413/minerfs.no_header.image_extract/bin/busybox
/home/danielsokil/Lab/HashSource/hashsource_antminer_Lx/bitmain_firmware/Antminer-L7-release-202405141413/minerfs.no_header.image_extract/sbin/id2mac
/home/danielsokil/Lab/HashSource/hashsource_antminer_Lx/bitmain_firmware/Antminer-L7-release-202405141413/minerfs.no_header.image_extract/usr/bin/FileParser
/home/danielsokil/Lab/HashSource/hashsource_antminer_Lx/bitmain_firmware/Antminer-L7-release-202405141413/minerfs.no_header.image_extract/usr/bin/godminer
/home/danielsokil/Lab/HashSource/hashsource_antminer_Lx/bitmain_firmware/Antminer-L7-release-202405141413/minerfs.no_header.image_extract/usr/bin/monitor-ipsig
/home/danielsokil/Lab/HashSource/hashsource_antminer_Lx/bitmain_firmware/Antminer-L7-release-202405141413/minerfs.no_header.image_extract/usr/bin/monitor-recobtn
/home/danielsokil/Lab/HashSource/hashsource_antminer_Lx/bitmain_firmware/Antminer-L7-release-202405141413/minerfs.no_header.image_extract/usr/bin/netcat
/home/danielsokil/Lab/HashSource/hashsource_antminer_Lx/bitmain_firmware/Antminer-L7-release-202405141413/minerfs.no_header.image_extract/usr/bin/ntpdate
/home/danielsokil/Lab/HashSource/hashsource_antminer_Lx/bitmain_firmware/Antminer-L7-release-202405141413/minerfs.no_header.image_extract/usr/bin/pcregrep
/home/danielsokil/Lab/HashSource/hashsource_antminer_Lx/bitmain_firmware/Antminer-L7-release-202405141413/minerfs.no_header.image_extract/usr/bin/pcretest
/home/danielsokil/Lab/HashSource/hashsource_antminer_Lx/bitmain_firmware/Antminer-L7-release-202405141413/minerfs.no_header.image_extract/usr/lib/libcrypto.so.1.1
/home/danielsokil/Lab/HashSource/hashsource_antminer_Lx/bitmain_firmware/Antminer-L7-release-202405141413/minerfs.no_header.image_extract/usr/lib/libpcre.so.1.2.10
/home/danielsokil/Lab/HashSource/hashsource_antminer_Lx/bitmain_firmware/Antminer-L7-release-202405141413/minerfs.no_header.image_extract/usr/lib/libpcrecpp.so.0.0.1
/home/danielsokil/Lab/HashSource/hashsource_antminer_Lx/bitmain_firmware/Antminer-L7-release-202405141413/minerfs.no_header.image_extract/usr/lib/libpcreposix.so.0.0.6
/home/danielsokil/Lab/HashSource/hashsource_antminer_Lx/bitmain_firmware/Antminer-L7-release-202405141413/minerfs.no_header.image_extract/usr/lib/lighttpd/mod_dirlisting.so
/home/danielsokil/Lab/HashSource/hashsource_antminer_Lx/bitmain_firmware/Antminer-L7-release-202405141413/minerfs.no_header.image_extract/usr/lib/lighttpd/mod_redirect.so
/home/danielsokil/Lab/HashSource/hashsource_antminer_Lx/bitmain_firmware/Antminer-L7-release-202405141413/minerfs.no_header.image_extract/usr/lib/lighttpd/mod_rewrite.so
/home/danielsokil/Lab/HashSource/hashsource_antminer_Lx/bitmain_firmware/Antminer-L7-release-202405141413/minerfs.no_header.image_extract/usr/lib/lighttpd/mod_ssi.so
/home/danielsokil/Lab/HashSource/hashsource_antminer_Lx/bitmain_firmware/Antminer-L7-release-202405141413/minerfs.no_header.image_extract/usr/lib/lighttpd/mod_status.so
/home/danielsokil/Lab/HashSource/hashsource_antminer_Lx/bitmain_firmware/Antminer-L7-release-202405141413/minerfs.no_header.image_extract/usr/lib/lighttpd/mod_trigger_b4_dl.so
/home/danielsokil/Lab/HashSource/hashsource_antminer_Lx/bitmain_firmware/Antminer-L7-release-202405141413/minerfs.no_header.image_extract/usr/sbin/lighttpd
/home/danielsokil/Lab/HashSource/hashsource_antminer_Lx/bitmain_firmware/Antminer-L7-release-202405141413/minerfs.no_header.image_extract/usr/sbin/ntpd
/home/danielsokil/Lab/HashSource/hashsource_antminer_Lx/bitmain_firmware/Antminer-L7-release-202405141413/minerfs.no_header.image_extract/usr/sbin/update-daemon
/home/danielsokil/Lab/HashSource/hashsource_antminer_Lx/bitmain_firmware/Antminer-L7-release-202405141413/update.no_header.image_extract/bin/busybox
/home/danielsokil/Lab/HashSource/hashsource_antminer_Lx/bitmain_firmware/Antminer-L7-release-202405141413/update.no_header.image_extract/usr/bin/FileParser
/home/danielsokil/Lab/HashSource/hashsource_antminer_Lx/bitmain_firmware/Antminer-L7-release-202405141413/update.no_header.image_extract/usr/bin/netcat
/home/danielsokil/Lab/HashSource/hashsource_antminer_Lx/bitmain_firmware/Antminer-L7-release-202405141413/update.no_header.image_extract/usr/lib/libcrypto.so.1.1
/home/danielsokil/Lab/HashSource/hashsource_antminer_Lx/bitmain_firmware/Antminer-L9-CV-release-202408211920/BOOT.bin_extract/gzip.uncompressed_extract/bin/busybox
/home/danielsokil/Lab/HashSource/hashsource_antminer_Lx/bitmain_firmware/Antminer-L9-CV-release-202408211920/BOOT.bin_extract/gzip.uncompressed_extract/bin/e2fsck
/home/danielsokil/Lab/HashSource/hashsource_antminer_Lx/bitmain_firmware/Antminer-L9-CV-release-202408211920/BOOT.bin_extract/gzip.uncompressed_extract/bin/parted
/home/danielsokil/Lab/HashSource/hashsource_antminer_Lx/bitmain_firmware/Antminer-L9-CV-release-202408211920/BOOT.bin_extract/gzip.uncompressed_extract/bin/resize2fs
/home/danielsokil/Lab/HashSource/hashsource_antminer_Lx/bitmain_firmware/Antminer-L9-CV-release-202408211920/BOOT.bin_extract/gzip.uncompressed_extract/lib/debug/libstdc++.so.6.0.24
/home/danielsokil/Lab/HashSource/hashsource_antminer_Lx/bitmain_firmware/Antminer-L9-CV-release-202408211920/BOOT.bin_extract/gzip.uncompressed_extract/lib/ld-2.25.so
/home/danielsokil/Lab/HashSource/hashsource_antminer_Lx/bitmain_firmware/Antminer-L9-CV-release-202408211920/BOOT.bin_extract/gzip.uncompressed_extract/lib/libanl-2.25.so
/home/danielsokil/Lab/HashSource/hashsource_antminer_Lx/bitmain_firmware/Antminer-L9-CV-release-202408211920/BOOT.bin_extract/gzip.uncompressed_extract/lib/libatomic.so.1.2.0
/home/danielsokil/Lab/HashSource/hashsource_antminer_Lx/bitmain_firmware/Antminer-L9-CV-release-202408211920/BOOT.bin_extract/gzip.uncompressed_extract/lib/libc-2.25.so
/home/danielsokil/Lab/HashSource/hashsource_antminer_Lx/bitmain_firmware/Antminer-L9-CV-release-202408211920/BOOT.bin_extract/gzip.uncompressed_extract/lib/libcrypt-2.25.so
/home/danielsokil/Lab/HashSource/hashsource_antminer_Lx/bitmain_firmware/Antminer-L9-CV-release-202408211920/BOOT.bin_extract/gzip.uncompressed_extract/lib/libdl-2.25.so
/home/danielsokil/Lab/HashSource/hashsource_antminer_Lx/bitmain_firmware/Antminer-L9-CV-release-202408211920/BOOT.bin_extract/gzip.uncompressed_extract/lib/libgcc_s.so.1
/home/danielsokil/Lab/HashSource/hashsource_antminer_Lx/bitmain_firmware/Antminer-L9-CV-release-202408211920/BOOT.bin_extract/gzip.uncompressed_extract/lib/libm-2.25.so
/home/danielsokil/Lab/HashSource/hashsource_antminer_Lx/bitmain_firmware/Antminer-L9-CV-release-202408211920/BOOT.bin_extract/gzip.uncompressed_extract/lib/libnsl-2.25.so
/home/danielsokil/Lab/HashSource/hashsource_antminer_Lx/bitmain_firmware/Antminer-L9-CV-release-202408211920/BOOT.bin_extract/gzip.uncompressed_extract/lib/libnss_dns-2.25.so
/home/danielsokil/Lab/HashSource/hashsource_antminer_Lx/bitmain_firmware/Antminer-L9-CV-release-202408211920/BOOT.bin_extract/gzip.uncompressed_extract/lib/libnss_files-2.25.so
/home/danielsokil/Lab/HashSource/hashsource_antminer_Lx/bitmain_firmware/Antminer-L9-CV-release-202408211920/BOOT.bin_extract/gzip.uncompressed_extract/lib/libpthread-2.25.so
/home/danielsokil/Lab/HashSource/hashsource_antminer_Lx/bitmain_firmware/Antminer-L9-CV-release-202408211920/BOOT.bin_extract/gzip.uncompressed_extract/lib/libresolv-2.25.so
/home/danielsokil/Lab/HashSource/hashsource_antminer_Lx/bitmain_firmware/Antminer-L9-CV-release-202408211920/BOOT.bin_extract/gzip.uncompressed_extract/lib/librt-2.25.so
/home/danielsokil/Lab/HashSource/hashsource_antminer_Lx/bitmain_firmware/Antminer-L9-CV-release-202408211920/BOOT.bin_extract/gzip.uncompressed_extract/lib/libstdc++.so.6.0.24
/home/danielsokil/Lab/HashSource/hashsource_antminer_Lx/bitmain_firmware/Antminer-L9-CV-release-202408211920/BOOT.bin_extract/gzip.uncompressed_extract/lib/libutil-2.25.so
/home/danielsokil/Lab/HashSource/hashsource_antminer_Lx/bitmain_firmware/Antminer-L9-CV-release-202408211920/BOOT.bin_extract/gzip.uncompressed_extract/lib/libuuid.so.1.3.0
/home/danielsokil/Lab/HashSource/hashsource_antminer_Lx/bitmain_firmware/Antminer-L9-CV-release-202408211920/BOOT.bin_extract/gzip.uncompressed_extract/lib/modules/cv183x_base.ko
/home/danielsokil/Lab/HashSource/hashsource_antminer_Lx/bitmain_firmware/Antminer-L9-CV-release-202408211920/BOOT.bin_extract/gzip.uncompressed_extract/lib/modules/cv183x_pwm.ko
/home/danielsokil/Lab/HashSource/hashsource_antminer_Lx/bitmain_firmware/Antminer-L9-CV-release-202408211920/BOOT.bin_extract/gzip.uncompressed_extract/lib/modules/uart_trans.ko
/home/danielsokil/Lab/HashSource/hashsource_antminer_Lx/bitmain_firmware/Antminer-L9-CV-release-202408211920/BOOT.bin_extract/gzip.uncompressed_extract/mnt/system/ko/configfs.ko
/home/danielsokil/Lab/HashSource/hashsource_antminer_Lx/bitmain_firmware/Antminer-L9-CV-release-202408211920/BOOT.bin_extract/gzip.uncompressed_extract/mnt/system/ko/cv183x_wdt.ko
/home/danielsokil/Lab/HashSource/hashsource_antminer_Lx/bitmain_firmware/Antminer-L9-CV-release-202408211920/BOOT.bin_extract/gzip.uncompressed_extract/mnt/system/ko/uart_trans.ko
/home/danielsokil/Lab/HashSource/hashsource_antminer_Lx/bitmain_firmware/Antminer-L9-CV-release-202408211920/BOOT.bin_extract/gzip.uncompressed_extract/sbin/halt
/home/danielsokil/Lab/HashSource/hashsource_antminer_Lx/bitmain_firmware/Antminer-L9-CV-release-202408211920/BOOT.bin_extract/gzip.uncompressed_extract/sbin/id2mac
/home/danielsokil/Lab/HashSource/hashsource_antminer_Lx/bitmain_firmware/Antminer-L9-CV-release-202408211920/BOOT.bin_extract/gzip.uncompressed_extract/sbin/init
/home/danielsokil/Lab/HashSource/hashsource_antminer_Lx/bitmain_firmware/Antminer-L9-CV-release-202408211920/BOOT.bin_extract/gzip.uncompressed_extract/sbin/killall5
/home/danielsokil/Lab/HashSource/hashsource_antminer_Lx/bitmain_firmware/Antminer-L9-CV-release-202408211920/BOOT.bin_extract/gzip.uncompressed_extract/sbin/shutdown
/home/danielsokil/Lab/HashSource/hashsource_antminer_Lx/bitmain_firmware/Antminer-L9-CV-release-202408211920/BOOT.bin_extract/gzip.uncompressed_extract/usr/bin/FileParser
/home/danielsokil/Lab/HashSource/hashsource_antminer_Lx/bitmain_firmware/Antminer-L9-CV-release-202408211920/BOOT.bin_extract/gzip.uncompressed_extract/usr/bin/attr
/home/danielsokil/Lab/HashSource/hashsource_antminer_Lx/bitmain_firmware/Antminer-L9-CV-release-202408211920/BOOT.bin_extract/gzip.uncompressed_extract/usr/bin/cgminer-api
/home/danielsokil/Lab/HashSource/hashsource_antminer_Lx/bitmain_firmware/Antminer-L9-CV-release-202408211920/BOOT.bin_extract/gzip.uncompressed_extract/usr/bin/chacl
/home/danielsokil/Lab/HashSource/hashsource_antminer_Lx/bitmain_firmware/Antminer-L9-CV-release-202408211920/BOOT.bin_extract/gzip.uncompressed_extract/usr/bin/cvi_pinmux
/home/danielsokil/Lab/HashSource/hashsource_antminer_Lx/bitmain_firmware/Antminer-L9-CV-release-202408211920/BOOT.bin_extract/gzip.uncompressed_extract/usr/bin/cvidaemon
/home/danielsokil/Lab/HashSource/hashsource_antminer_Lx/bitmain_firmware/Antminer-L9-CV-release-202408211920/BOOT.bin_extract/gzip.uncompressed_extract/usr/bin/cvtsudoers
/home/danielsokil/Lab/HashSource/hashsource_antminer_Lx/bitmain_firmware/Antminer-L9-CV-release-202408211920/BOOT.bin_extract/gzip.uncompressed_extract/usr/bin/getfacl
/home/danielsokil/Lab/HashSource/hashsource_antminer_Lx/bitmain_firmware/Antminer-L9-CV-release-202408211920/BOOT.bin_extract/gzip.uncompressed_extract/usr/bin/getfattr
/home/danielsokil/Lab/HashSource/hashsource_antminer_Lx/bitmain_firmware/Antminer-L9-CV-release-202408211920/BOOT.bin_extract/gzip.uncompressed_extract/usr/bin/godminer
/home/danielsokil/Lab/HashSource/hashsource_antminer_Lx/bitmain_firmware/Antminer-L9-CV-release-202408211920/BOOT.bin_extract/gzip.uncompressed_extract/usr/bin/jq
/home/danielsokil/Lab/HashSource/hashsource_antminer_Lx/bitmain_firmware/Antminer-L9-CV-release-202408211920/BOOT.bin_extract/gzip.uncompressed_extract/usr/bin/kmod
/home/danielsokil/Lab/HashSource/hashsource_antminer_Lx/bitmain_firmware/Antminer-L9-CV-release-202408211920/BOOT.bin_extract/gzip.uncompressed_extract/usr/bin/monitor-ipsig
/home/danielsokil/Lab/HashSource/hashsource_antminer_Lx/bitmain_firmware/Antminer-L9-CV-release-202408211920/BOOT.bin_extract/gzip.uncompressed_extract/usr/bin/monitor-recobtn
/home/danielsokil/Lab/HashSource/hashsource_antminer_Lx/bitmain_firmware/Antminer-L9-CV-release-202408211920/BOOT.bin_extract/gzip.uncompressed_extract/usr/bin/ntpdate
/home/danielsokil/Lab/HashSource/hashsource_antminer_Lx/bitmain_firmware/Antminer-L9-CV-release-202408211920/BOOT.bin_extract/gzip.uncompressed_extract/usr/bin/openssl
/home/danielsokil/Lab/HashSource/hashsource_antminer_Lx/bitmain_firmware/Antminer-L9-CV-release-202408211920/BOOT.bin_extract/gzip.uncompressed_extract/usr/bin/setfacl
/home/danielsokil/Lab/HashSource/hashsource_antminer_Lx/bitmain_firmware/Antminer-L9-CV-release-202408211920/BOOT.bin_extract/gzip.uncompressed_extract/usr/bin/setfattr
/home/danielsokil/Lab/HashSource/hashsource_antminer_Lx/bitmain_firmware/Antminer-L9-CV-release-202408211920/BOOT.bin_extract/gzip.uncompressed_extract/usr/bin/sudo
/home/danielsokil/Lab/HashSource/hashsource_antminer_Lx/bitmain_firmware/Antminer-L9-CV-release-202408211920/BOOT.bin_extract/gzip.uncompressed_extract/usr/bin/sudoreplay
/home/danielsokil/Lab/HashSource/hashsource_antminer_Lx/bitmain_firmware/Antminer-L9-CV-release-202408211920/BOOT.bin_extract/gzip.uncompressed_extract/usr/bin/xmlwf
/home/danielsokil/Lab/HashSource/hashsource_antminer_Lx/bitmain_firmware/Antminer-L9-CV-release-202408211920/BOOT.bin_extract/gzip.uncompressed_extract/usr/lib/libacl.so.1.1.2253
/home/danielsokil/Lab/HashSource/hashsource_antminer_Lx/bitmain_firmware/Antminer-L9-CV-release-202408211920/BOOT.bin_extract/gzip.uncompressed_extract/usr/lib/libaio.so.1.0.1
/home/danielsokil/Lab/HashSource/hashsource_antminer_Lx/bitmain_firmware/Antminer-L9-CV-release-202408211920/BOOT.bin_extract/gzip.uncompressed_extract/usr/lib/libattr.so.1.1.2448
/home/danielsokil/Lab/HashSource/hashsource_antminer_Lx/bitmain_firmware/Antminer-L9-CV-release-202408211920/BOOT.bin_extract/gzip.uncompressed_extract/usr/lib/libavahi-common.so.3.5.3
/home/danielsokil/Lab/HashSource/hashsource_antminer_Lx/bitmain_firmware/Antminer-L9-CV-release-202408211920/BOOT.bin_extract/gzip.uncompressed_extract/usr/lib/libavahi-core.so.7.0.2
/home/danielsokil/Lab/HashSource/hashsource_antminer_Lx/bitmain_firmware/Antminer-L9-CV-release-202408211920/BOOT.bin_extract/gzip.uncompressed_extract/usr/lib/libblkid.so.1.1.0
/home/danielsokil/Lab/HashSource/hashsource_antminer_Lx/bitmain_firmware/Antminer-L9-CV-release-202408211920/BOOT.bin_extract/gzip.uncompressed_extract/usr/lib/libcom_err.so.2.1
/home/danielsokil/Lab/HashSource/hashsource_antminer_Lx/bitmain_firmware/Antminer-L9-CV-release-202408211920/BOOT.bin_extract/gzip.uncompressed_extract/usr/lib/libcrypto.so.1.1
/home/danielsokil/Lab/HashSource/hashsource_antminer_Lx/bitmain_firmware/Antminer-L9-CV-release-202408211920/BOOT.bin_extract/gzip.uncompressed_extract/usr/lib/libdaemon.so.0.5.0
/home/danielsokil/Lab/HashSource/hashsource_antminer_Lx/bitmain_firmware/Antminer-L9-CV-release-202408211920/BOOT.bin_extract/gzip.uncompressed_extract/usr/lib/libe2p.so.2.3
/home/danielsokil/Lab/HashSource/hashsource_antminer_Lx/bitmain_firmware/Antminer-L9-CV-release-202408211920/BOOT.bin_extract/gzip.uncompressed_extract/usr/lib/libevent-2.1.so.6.0.2
/home/danielsokil/Lab/HashSource/hashsource_antminer_Lx/bitmain_firmware/Antminer-L9-CV-release-202408211920/BOOT.bin_extract/gzip.uncompressed_extract/usr/lib/libevent_core-2.1.so.6.0.2
/home/danielsokil/Lab/HashSource/hashsource_antminer_Lx/bitmain_firmware/Antminer-L9-CV-release-202408211920/BOOT.bin_extract/gzip.uncompressed_extract/usr/lib/libevent_extra-2.1.so.6.0.2
/home/danielsokil/Lab/HashSource/hashsource_antminer_Lx/bitmain_firmware/Antminer-L9-CV-release-202408211920/BOOT.bin_extract/gzip.uncompressed_extract/usr/lib/libevent_openssl-2.1.so.6.0.2
/home/danielsokil/Lab/HashSource/hashsource_antminer_Lx/bitmain_firmware/Antminer-L9-CV-release-202408211920/BOOT.bin_extract/gzip.uncompressed_extract/usr/lib/libevent_pthreads-2.1.so.6.0.2
/home/danielsokil/Lab/HashSource/hashsource_antminer_Lx/bitmain_firmware/Antminer-L9-CV-release-202408211920/BOOT.bin_extract/gzip.uncompressed_extract/usr/lib/libexpat.so.1.6.10
/home/danielsokil/Lab/HashSource/hashsource_antminer_Lx/bitmain_firmware/Antminer-L9-CV-release-202408211920/BOOT.bin_extract/gzip.uncompressed_extract/usr/lib/libext2fs.so.2.4
/home/danielsokil/Lab/HashSource/hashsource_antminer_Lx/bitmain_firmware/Antminer-L9-CV-release-202408211920/BOOT.bin_extract/gzip.uncompressed_extract/usr/lib/libi2c.so.0.1.1
/home/danielsokil/Lab/HashSource/hashsource_antminer_Lx/bitmain_firmware/Antminer-L9-CV-release-202408211920/BOOT.bin_extract/gzip.uncompressed_extract/usr/lib/libip4tc.so.2.0.0
/home/danielsokil/Lab/HashSource/hashsource_antminer_Lx/bitmain_firmware/Antminer-L9-CV-release-202408211920/BOOT.bin_extract/gzip.uncompressed_extract/usr/lib/libip6tc.so.2.0.0
/home/danielsokil/Lab/HashSource/hashsource_antminer_Lx/bitmain_firmware/Antminer-L9-CV-release-202408211920/BOOT.bin_extract/gzip.uncompressed_extract/usr/lib/libiptc.so.0.0.0
/home/danielsokil/Lab/HashSource/hashsource_antminer_Lx/bitmain_firmware/Antminer-L9-CV-release-202408211920/BOOT.bin_extract/gzip.uncompressed_extract/usr/lib/libkmod.so.2.3.3
/home/danielsokil/Lab/HashSource/hashsource_antminer_Lx/bitmain_firmware/Antminer-L9-CV-release-202408211920/BOOT.bin_extract/gzip.uncompressed_extract/usr/lib/libssl.so.1.1
/home/danielsokil/Lab/HashSource/hashsource_antminer_Lx/bitmain_firmware/Antminer-L9-CV-release-202408211920/BOOT.bin_extract/gzip.uncompressed_extract/usr/lib/libxtables.so.12.2.0
/home/danielsokil/Lab/HashSource/hashsource_antminer_Lx/bitmain_firmware/Antminer-L9-CV-release-202408211920/BOOT.bin_extract/gzip.uncompressed_extract/usr/lib/libz.so.1.2.11
/home/danielsokil/Lab/HashSource/hashsource_antminer_Lx/bitmain_firmware/Antminer-L9-CV-release-202408211920/BOOT.bin_extract/gzip.uncompressed_extract/usr/lib/libzlog.so.1.2
/home/danielsokil/Lab/HashSource/hashsource_antminer_Lx/bitmain_firmware/Antminer-L9-CV-release-202408211920/BOOT.bin_extract/gzip.uncompressed_extract/usr/lib/lighttpd/mod_access.so
/home/danielsokil/Lab/HashSource/hashsource_antminer_Lx/bitmain_firmware/Antminer-L9-CV-release-202408211920/BOOT.bin_extract/gzip.uncompressed_extract/usr/lib/lighttpd/mod_accesslog.so
/home/danielsokil/Lab/HashSource/hashsource_antminer_Lx/bitmain_firmware/Antminer-L9-CV-release-202408211920/BOOT.bin_extract/gzip.uncompressed_extract/usr/lib/lighttpd/mod_alias.so
/home/danielsokil/Lab/HashSource/hashsource_antminer_Lx/bitmain_firmware/Antminer-L9-CV-release-202408211920/BOOT.bin_extract/gzip.uncompressed_extract/usr/lib/lighttpd/mod_auth.so
/home/danielsokil/Lab/HashSource/hashsource_antminer_Lx/bitmain_firmware/Antminer-L9-CV-release-202408211920/BOOT.bin_extract/gzip.uncompressed_extract/usr/lib/lighttpd/mod_cgi.so
/home/danielsokil/Lab/HashSource/hashsource_antminer_Lx/bitmain_firmware/Antminer-L9-CV-release-202408211920/BOOT.bin_extract/gzip.uncompressed_extract/usr/lib/lighttpd/mod_cml.so
/home/danielsokil/Lab/HashSource/hashsource_antminer_Lx/bitmain_firmware/Antminer-L9-CV-release-202408211920/BOOT.bin_extract/gzip.uncompressed_extract/usr/lib/lighttpd/mod_compress.so
/home/danielsokil/Lab/HashSource/hashsource_antminer_Lx/bitmain_firmware/Antminer-L9-CV-release-202408211920/BOOT.bin_extract/gzip.uncompressed_extract/usr/lib/lighttpd/mod_dirlisting.so
/home/danielsokil/Lab/HashSource/hashsource_antminer_Lx/bitmain_firmware/Antminer-L9-CV-release-202408211920/BOOT.bin_extract/gzip.uncompressed_extract/usr/lib/lighttpd/mod_evasive.so
/home/danielsokil/Lab/HashSource/hashsource_antminer_Lx/bitmain_firmware/Antminer-L9-CV-release-202408211920/BOOT.bin_extract/gzip.uncompressed_extract/usr/lib/lighttpd/mod_evhost.so
/home/danielsokil/Lab/HashSource/hashsource_antminer_Lx/bitmain_firmware/Antminer-L9-CV-release-202408211920/BOOT.bin_extract/gzip.uncompressed_extract/usr/lib/lighttpd/mod_expire.so
/home/danielsokil/Lab/HashSource/hashsource_antminer_Lx/bitmain_firmware/Antminer-L9-CV-release-202408211920/BOOT.bin_extract/gzip.uncompressed_extract/usr/lib/lighttpd/mod_extforward.so
/home/danielsokil/Lab/HashSource/hashsource_antminer_Lx/bitmain_firmware/Antminer-L9-CV-release-202408211920/BOOT.bin_extract/gzip.uncompressed_extract/usr/lib/lighttpd/mod_fastcgi.so
/home/danielsokil/Lab/HashSource/hashsource_antminer_Lx/bitmain_firmware/Antminer-L9-CV-release-202408211920/BOOT.bin_extract/gzip.uncompressed_extract/usr/lib/lighttpd/mod_flv_streaming.so
/home/danielsokil/Lab/HashSource/hashsource_antminer_Lx/bitmain_firmware/Antminer-L9-CV-release-202408211920/BOOT.bin_extract/gzip.uncompressed_extract/usr/lib/lighttpd/mod_indexfile.so
/home/danielsokil/Lab/HashSource/hashsource_antminer_Lx/bitmain_firmware/Antminer-L9-CV-release-202408211920/BOOT.bin_extract/gzip.uncompressed_extract/usr/lib/lighttpd/mod_magnet.so
/home/danielsokil/Lab/HashSource/hashsource_antminer_Lx/bitmain_firmware/Antminer-L9-CV-release-202408211920/BOOT.bin_extract/gzip.uncompressed_extract/usr/lib/lighttpd/mod_mysql_vhost.so
/home/danielsokil/Lab/HashSource/hashsource_antminer_Lx/bitmain_firmware/Antminer-L9-CV-release-202408211920/BOOT.bin_extract/gzip.uncompressed_extract/usr/lib/lighttpd/mod_proxy.so
/home/danielsokil/Lab/HashSource/hashsource_antminer_Lx/bitmain_firmware/Antminer-L9-CV-release-202408211920/BOOT.bin_extract/gzip.uncompressed_extract/usr/lib/lighttpd/mod_redirect.so
/home/danielsokil/Lab/HashSource/hashsource_antminer_Lx/bitmain_firmware/Antminer-L9-CV-release-202408211920/BOOT.bin_extract/gzip.uncompressed_extract/usr/lib/lighttpd/mod_rewrite.so
/home/danielsokil/Lab/HashSource/hashsource_antminer_Lx/bitmain_firmware/Antminer-L9-CV-release-202408211920/BOOT.bin_extract/gzip.uncompressed_extract/usr/lib/lighttpd/mod_rrdtool.so
/home/danielsokil/Lab/HashSource/hashsource_antminer_Lx/bitmain_firmware/Antminer-L9-CV-release-202408211920/BOOT.bin_extract/gzip.uncompressed_extract/usr/lib/lighttpd/mod_scgi.so
/home/danielsokil/Lab/HashSource/hashsource_antminer_Lx/bitmain_firmware/Antminer-L9-CV-release-202408211920/BOOT.bin_extract/gzip.uncompressed_extract/usr/lib/lighttpd/mod_secdownload.so
/home/danielsokil/Lab/HashSource/hashsource_antminer_Lx/bitmain_firmware/Antminer-L9-CV-release-202408211920/BOOT.bin_extract/gzip.uncompressed_extract/usr/lib/lighttpd/mod_setenv.so
/home/danielsokil/Lab/HashSource/hashsource_antminer_Lx/bitmain_firmware/Antminer-L9-CV-release-202408211920/BOOT.bin_extract/gzip.uncompressed_extract/usr/lib/lighttpd/mod_simple_vhost.so
/home/danielsokil/Lab/HashSource/hashsource_antminer_Lx/bitmain_firmware/Antminer-L9-CV-release-202408211920/BOOT.bin_extract/gzip.uncompressed_extract/usr/lib/lighttpd/mod_ssi.so
/home/danielsokil/Lab/HashSource/hashsource_antminer_Lx/bitmain_firmware/Antminer-L9-CV-release-202408211920/BOOT.bin_extract/gzip.uncompressed_extract/usr/lib/lighttpd/mod_staticfile.so
/home/danielsokil/Lab/HashSource/hashsource_antminer_Lx/bitmain_firmware/Antminer-L9-CV-release-202408211920/BOOT.bin_extract/gzip.uncompressed_extract/usr/lib/lighttpd/mod_status.so
/home/danielsokil/Lab/HashSource/hashsource_antminer_Lx/bitmain_firmware/Antminer-L9-CV-release-202408211920/BOOT.bin_extract/gzip.uncompressed_extract/usr/lib/lighttpd/mod_trigger_b4_dl.so
/home/danielsokil/Lab/HashSource/hashsource_antminer_Lx/bitmain_firmware/Antminer-L9-CV-release-202408211920/BOOT.bin_extract/gzip.uncompressed_extract/usr/lib/lighttpd/mod_userdir.so
/home/danielsokil/Lab/HashSource/hashsource_antminer_Lx/bitmain_firmware/Antminer-L9-CV-release-202408211920/BOOT.bin_extract/gzip.uncompressed_extract/usr/lib/lighttpd/mod_usertrack.so
/home/danielsokil/Lab/HashSource/hashsource_antminer_Lx/bitmain_firmware/Antminer-L9-CV-release-202408211920/BOOT.bin_extract/gzip.uncompressed_extract/usr/lib/lighttpd/mod_webdav.so
/home/danielsokil/Lab/HashSource/hashsource_antminer_Lx/bitmain_firmware/Antminer-L9-CV-release-202408211920/BOOT.bin_extract/gzip.uncompressed_extract/usr/lib/xtables/libip6t_DNAT.so
/home/danielsokil/Lab/HashSource/hashsource_antminer_Lx/bitmain_firmware/Antminer-L9-CV-release-202408211920/BOOT.bin_extract/gzip.uncompressed_extract/usr/lib/xtables/libip6t_DNPT.so
/home/danielsokil/Lab/HashSource/hashsource_antminer_Lx/bitmain_firmware/Antminer-L9-CV-release-202408211920/BOOT.bin_extract/gzip.uncompressed_extract/usr/lib/xtables/libip6t_HL.so
/home/danielsokil/Lab/HashSource/hashsource_antminer_Lx/bitmain_firmware/Antminer-L9-CV-release-202408211920/BOOT.bin_extract/gzip.uncompressed_extract/usr/lib/xtables/libip6t_LOG.so
/home/danielsokil/Lab/HashSource/hashsource_antminer_Lx/bitmain_firmware/Antminer-L9-CV-release-202408211920/BOOT.bin_extract/gzip.uncompressed_extract/usr/lib/xtables/libip6t_MASQUERADE.so
/home/danielsokil/Lab/HashSource/hashsource_antminer_Lx/bitmain_firmware/Antminer-L9-CV-release-202408211920/BOOT.bin_extract/gzip.uncompressed_extract/usr/lib/xtables/libip6t_NETMAP.so
/home/danielsokil/Lab/HashSource/hashsource_antminer_Lx/bitmain_firmware/Antminer-L9-CV-release-202408211920/BOOT.bin_extract/gzip.uncompressed_extract/usr/lib/xtables/libip6t_REDIRECT.so
/home/danielsokil/Lab/HashSource/hashsource_antminer_Lx/bitmain_firmware/Antminer-L9-CV-release-202408211920/BOOT.bin_extract/gzip.uncompressed_extract/usr/lib/xtables/libip6t_REJECT.so
/home/danielsokil/Lab/HashSource/hashsource_antminer_Lx/bitmain_firmware/Antminer-L9-CV-release-202408211920/BOOT.bin_extract/gzip.uncompressed_extract/usr/lib/xtables/libip6t_SNAT.so
/home/danielsokil/Lab/HashSource/hashsource_antminer_Lx/bitmain_firmware/Antminer-L9-CV-release-202408211920/BOOT.bin_extract/gzip.uncompressed_extract/usr/lib/xtables/libip6t_SNPT.so
/home/danielsokil/Lab/HashSource/hashsource_antminer_Lx/bitmain_firmware/Antminer-L9-CV-release-202408211920/BOOT.bin_extract/gzip.uncompressed_extract/usr/lib/xtables/libip6t_ah.so
/home/danielsokil/Lab/HashSource/hashsource_antminer_Lx/bitmain_firmware/Antminer-L9-CV-release-202408211920/BOOT.bin_extract/gzip.uncompressed_extract/usr/lib/xtables/libip6t_dst.so
/home/danielsokil/Lab/HashSource/hashsource_antminer_Lx/bitmain_firmware/Antminer-L9-CV-release-202408211920/BOOT.bin_extract/gzip.uncompressed_extract/usr/lib/xtables/libip6t_eui64.so
/home/danielsokil/Lab/HashSource/hashsource_antminer_Lx/bitmain_firmware/Antminer-L9-CV-release-202408211920/BOOT.bin_extract/gzip.uncompressed_extract/usr/lib/xtables/libip6t_frag.so
/home/danielsokil/Lab/HashSource/hashsource_antminer_Lx/bitmain_firmware/Antminer-L9-CV-release-202408211920/BOOT.bin_extract/gzip.uncompressed_extract/usr/lib/xtables/libip6t_hbh.so
/home/danielsokil/Lab/HashSource/hashsource_antminer_Lx/bitmain_firmware/Antminer-L9-CV-release-202408211920/BOOT.bin_extract/gzip.uncompressed_extract/usr/lib/xtables/libip6t_hl.so
/home/danielsokil/Lab/HashSource/hashsource_antminer_Lx/bitmain_firmware/Antminer-L9-CV-release-202408211920/BOOT.bin_extract/gzip.uncompressed_extract/usr/lib/xtables/libip6t_icmp6.so
/home/danielsokil/Lab/HashSource/hashsource_antminer_Lx/bitmain_firmware/Antminer-L9-CV-release-202408211920/BOOT.bin_extract/gzip.uncompressed_extract/usr/lib/xtables/libip6t_ipv6header.so
/home/danielsokil/Lab/HashSource/hashsource_antminer_Lx/bitmain_firmware/Antminer-L9-CV-release-202408211920/BOOT.bin_extract/gzip.uncompressed_extract/usr/lib/xtables/libip6t_mh.so
/home/danielsokil/Lab/HashSource/hashsource_antminer_Lx/bitmain_firmware/Antminer-L9-CV-release-202408211920/BOOT.bin_extract/gzip.uncompressed_extract/usr/lib/xtables/libip6t_rt.so
/home/danielsokil/Lab/HashSource/hashsource_antminer_Lx/bitmain_firmware/Antminer-L9-CV-release-202408211920/BOOT.bin_extract/gzip.uncompressed_extract/usr/lib/xtables/libip6t_srh.so
/home/danielsokil/Lab/HashSource/hashsource_antminer_Lx/bitmain_firmware/Antminer-L9-CV-release-202408211920/BOOT.bin_extract/gzip.uncompressed_extract/usr/lib/xtables/libipt_CLUSTERIP.so
/home/danielsokil/Lab/HashSource/hashsource_antminer_Lx/bitmain_firmware/Antminer-L9-CV-release-202408211920/BOOT.bin_extract/gzip.uncompressed_extract/usr/lib/xtables/libipt_DNAT.so
/home/danielsokil/Lab/HashSource/hashsource_antminer_Lx/bitmain_firmware/Antminer-L9-CV-release-202408211920/BOOT.bin_extract/gzip.uncompressed_extract/usr/lib/xtables/libipt_ECN.so
/home/danielsokil/Lab/HashSource/hashsource_antminer_Lx/bitmain_firmware/Antminer-L9-CV-release-202408211920/BOOT.bin_extract/gzip.uncompressed_extract/usr/lib/xtables/libipt_LOG.so
/home/danielsokil/Lab/HashSource/hashsource_antminer_Lx/bitmain_firmware/Antminer-L9-CV-release-202408211920/BOOT.bin_extract/gzip.uncompressed_extract/usr/lib/xtables/libipt_MASQUERADE.so
/home/danielsokil/Lab/HashSource/hashsource_antminer_Lx/bitmain_firmware/Antminer-L9-CV-release-202408211920/BOOT.bin_extract/gzip.uncompressed_extract/usr/lib/xtables/libipt_NETMAP.so
/home/danielsokil/Lab/HashSource/hashsource_antminer_Lx/bitmain_firmware/Antminer-L9-CV-release-202408211920/BOOT.bin_extract/gzip.uncompressed_extract/usr/lib/xtables/libipt_REDIRECT.so
/home/danielsokil/Lab/HashSource/hashsource_antminer_Lx/bitmain_firmware/Antminer-L9-CV-release-202408211920/BOOT.bin_extract/gzip.uncompressed_extract/usr/lib/xtables/libipt_REJECT.so
/home/danielsokil/Lab/HashSource/hashsource_antminer_Lx/bitmain_firmware/Antminer-L9-CV-release-202408211920/BOOT.bin_extract/gzip.uncompressed_extract/usr/lib/xtables/libipt_SNAT.so
/home/danielsokil/Lab/HashSource/hashsource_antminer_Lx/bitmain_firmware/Antminer-L9-CV-release-202408211920/BOOT.bin_extract/gzip.uncompressed_extract/usr/lib/xtables/libipt_TTL.so
/home/danielsokil/Lab/HashSource/hashsource_antminer_Lx/bitmain_firmware/Antminer-L9-CV-release-202408211920/BOOT.bin_extract/gzip.uncompressed_extract/usr/lib/xtables/libipt_ULOG.so
/home/danielsokil/Lab/HashSource/hashsource_antminer_Lx/bitmain_firmware/Antminer-L9-CV-release-202408211920/BOOT.bin_extract/gzip.uncompressed_extract/usr/lib/xtables/libipt_ah.so
/home/danielsokil/Lab/HashSource/hashsource_antminer_Lx/bitmain_firmware/Antminer-L9-CV-release-202408211920/BOOT.bin_extract/gzip.uncompressed_extract/usr/lib/xtables/libipt_icmp.so
/home/danielsokil/Lab/HashSource/hashsource_antminer_Lx/bitmain_firmware/Antminer-L9-CV-release-202408211920/BOOT.bin_extract/gzip.uncompressed_extract/usr/lib/xtables/libipt_realm.so
/home/danielsokil/Lab/HashSource/hashsource_antminer_Lx/bitmain_firmware/Antminer-L9-CV-release-202408211920/BOOT.bin_extract/gzip.uncompressed_extract/usr/lib/xtables/libipt_ttl.so
/home/danielsokil/Lab/HashSource/hashsource_antminer_Lx/bitmain_firmware/Antminer-L9-CV-release-202408211920/BOOT.bin_extract/gzip.uncompressed_extract/usr/lib/xtables/libxt_AUDIT.so
/home/danielsokil/Lab/HashSource/hashsource_antminer_Lx/bitmain_firmware/Antminer-L9-CV-release-202408211920/BOOT.bin_extract/gzip.uncompressed_extract/usr/lib/xtables/libxt_CHECKSUM.so
/home/danielsokil/Lab/HashSource/hashsource_antminer_Lx/bitmain_firmware/Antminer-L9-CV-release-202408211920/BOOT.bin_extract/gzip.uncompressed_extract/usr/lib/xtables/libxt_CLASSIFY.so
/home/danielsokil/Lab/HashSource/hashsource_antminer_Lx/bitmain_firmware/Antminer-L9-CV-release-202408211920/BOOT.bin_extract/gzip.uncompressed_extract/usr/lib/xtables/libxt_CONNMARK.so
/home/danielsokil/Lab/HashSource/hashsource_antminer_Lx/bitmain_firmware/Antminer-L9-CV-release-202408211920/BOOT.bin_extract/gzip.uncompressed_extract/usr/lib/xtables/libxt_CONNSECMARK.so
/home/danielsokil/Lab/HashSource/hashsource_antminer_Lx/bitmain_firmware/Antminer-L9-CV-release-202408211920/BOOT.bin_extract/gzip.uncompressed_extract/usr/lib/xtables/libxt_CT.so
/home/danielsokil/Lab/HashSource/hashsource_antminer_Lx/bitmain_firmware/Antminer-L9-CV-release-202408211920/BOOT.bin_extract/gzip.uncompressed_extract/usr/lib/xtables/libxt_DSCP.so
/home/danielsokil/Lab/HashSource/hashsource_antminer_Lx/bitmain_firmware/Antminer-L9-CV-release-202408211920/BOOT.bin_extract/gzip.uncompressed_extract/usr/lib/xtables/libxt_HMARK.so
/home/danielsokil/Lab/HashSource/hashsource_antminer_Lx/bitmain_firmware/Antminer-L9-CV-release-202408211920/BOOT.bin_extract/gzip.uncompressed_extract/usr/lib/xtables/libxt_IDLETIMER.so
/home/danielsokil/Lab/HashSource/hashsource_antminer_Lx/bitmain_firmware/Antminer-L9-CV-release-202408211920/BOOT.bin_extract/gzip.uncompressed_extract/usr/lib/xtables/libxt_LED.so
/home/danielsokil/Lab/HashSource/hashsource_antminer_Lx/bitmain_firmware/Antminer-L9-CV-release-202408211920/BOOT.bin_extract/gzip.uncompressed_extract/usr/lib/xtables/libxt_MARK.so
/home/danielsokil/Lab/HashSource/hashsource_antminer_Lx/bitmain_firmware/Antminer-L9-CV-release-202408211920/BOOT.bin_extract/gzip.uncompressed_extract/usr/lib/xtables/libxt_NFLOG.so
/home/danielsokil/Lab/HashSource/hashsource_antminer_Lx/bitmain_firmware/Antminer-L9-CV-release-202408211920/BOOT.bin_extract/gzip.uncompressed_extract/usr/lib/xtables/libxt_NFQUEUE.so
/home/danielsokil/Lab/HashSource/hashsource_antminer_Lx/bitmain_firmware/Antminer-L9-CV-release-202408211920/BOOT.bin_extract/gzip.uncompressed_extract/usr/lib/xtables/libxt_RATEEST.so
/home/danielsokil/Lab/HashSource/hashsource_antminer_Lx/bitmain_firmware/Antminer-L9-CV-release-202408211920/BOOT.bin_extract/gzip.uncompressed_extract/usr/lib/xtables/libxt_SECMARK.so
/home/danielsokil/Lab/HashSource/hashsource_antminer_Lx/bitmain_firmware/Antminer-L9-CV-release-202408211920/BOOT.bin_extract/gzip.uncompressed_extract/usr/lib/xtables/libxt_SET.so
/home/danielsokil/Lab/HashSource/hashsource_antminer_Lx/bitmain_firmware/Antminer-L9-CV-release-202408211920/BOOT.bin_extract/gzip.uncompressed_extract/usr/lib/xtables/libxt_SYNPROXY.so
/home/danielsokil/Lab/HashSource/hashsource_antminer_Lx/bitmain_firmware/Antminer-L9-CV-release-202408211920/BOOT.bin_extract/gzip.uncompressed_extract/usr/lib/xtables/libxt_TCPMSS.so
/home/danielsokil/Lab/HashSource/hashsource_antminer_Lx/bitmain_firmware/Antminer-L9-CV-release-202408211920/BOOT.bin_extract/gzip.uncompressed_extract/usr/lib/xtables/libxt_TCPOPTSTRIP.so
/home/danielsokil/Lab/HashSource/hashsource_antminer_Lx/bitmain_firmware/Antminer-L9-CV-release-202408211920/BOOT.bin_extract/gzip.uncompressed_extract/usr/lib/xtables/libxt_TEE.so
/home/danielsokil/Lab/HashSource/hashsource_antminer_Lx/bitmain_firmware/Antminer-L9-CV-release-202408211920/BOOT.bin_extract/gzip.uncompressed_extract/usr/lib/xtables/libxt_TOS.so
/home/danielsokil/Lab/HashSource/hashsource_antminer_Lx/bitmain_firmware/Antminer-L9-CV-release-202408211920/BOOT.bin_extract/gzip.uncompressed_extract/usr/lib/xtables/libxt_TPROXY.so
/home/danielsokil/Lab/HashSource/hashsource_antminer_Lx/bitmain_firmware/Antminer-L9-CV-release-202408211920/BOOT.bin_extract/gzip.uncompressed_extract/usr/lib/xtables/libxt_TRACE.so
/home/danielsokil/Lab/HashSource/hashsource_antminer_Lx/bitmain_firmware/Antminer-L9-CV-release-202408211920/BOOT.bin_extract/gzip.uncompressed_extract/usr/lib/xtables/libxt_addrtype.so
/home/danielsokil/Lab/HashSource/hashsource_antminer_Lx/bitmain_firmware/Antminer-L9-CV-release-202408211920/BOOT.bin_extract/gzip.uncompressed_extract/usr/lib/xtables/libxt_bpf.so
/home/danielsokil/Lab/HashSource/hashsource_antminer_Lx/bitmain_firmware/Antminer-L9-CV-release-202408211920/BOOT.bin_extract/gzip.uncompressed_extract/usr/lib/xtables/libxt_cgroup.so
/home/danielsokil/Lab/HashSource/hashsource_antminer_Lx/bitmain_firmware/Antminer-L9-CV-release-202408211920/BOOT.bin_extract/gzip.uncompressed_extract/usr/lib/xtables/libxt_cluster.so
/home/danielsokil/Lab/HashSource/hashsource_antminer_Lx/bitmain_firmware/Antminer-L9-CV-release-202408211920/BOOT.bin_extract/gzip.uncompressed_extract/usr/lib/xtables/libxt_comment.so
/home/danielsokil/Lab/HashSource/hashsource_antminer_Lx/bitmain_firmware/Antminer-L9-CV-release-202408211920/BOOT.bin_extract/gzip.uncompressed_extract/usr/lib/xtables/libxt_connbytes.so
/home/danielsokil/Lab/HashSource/hashsource_antminer_Lx/bitmain_firmware/Antminer-L9-CV-release-202408211920/BOOT.bin_extract/gzip.uncompressed_extract/usr/lib/xtables/libxt_connlimit.so
/home/danielsokil/Lab/HashSource/hashsource_antminer_Lx/bitmain_firmware/Antminer-L9-CV-release-202408211920/BOOT.bin_extract/gzip.uncompressed_extract/usr/lib/xtables/libxt_connmark.so
/home/danielsokil/Lab/HashSource/hashsource_antminer_Lx/bitmain_firmware/Antminer-L9-CV-release-202408211920/BOOT.bin_extract/gzip.uncompressed_extract/usr/lib/xtables/libxt_conntrack.so
/home/danielsokil/Lab/HashSource/hashsource_antminer_Lx/bitmain_firmware/Antminer-L9-CV-release-202408211920/BOOT.bin_extract/gzip.uncompressed_extract/usr/lib/xtables/libxt_cpu.so
/home/danielsokil/Lab/HashSource/hashsource_antminer_Lx/bitmain_firmware/Antminer-L9-CV-release-202408211920/BOOT.bin_extract/gzip.uncompressed_extract/usr/lib/xtables/libxt_dccp.so
/home/danielsokil/Lab/HashSource/hashsource_antminer_Lx/bitmain_firmware/Antminer-L9-CV-release-202408211920/BOOT.bin_extract/gzip.uncompressed_extract/usr/lib/xtables/libxt_devgroup.so
/home/danielsokil/Lab/HashSource/hashsource_antminer_Lx/bitmain_firmware/Antminer-L9-CV-release-202408211920/BOOT.bin_extract/gzip.uncompressed_extract/usr/lib/xtables/libxt_dscp.so
/home/danielsokil/Lab/HashSource/hashsource_antminer_Lx/bitmain_firmware/Antminer-L9-CV-release-202408211920/BOOT.bin_extract/gzip.uncompressed_extract/usr/lib/xtables/libxt_ecn.so
/home/danielsokil/Lab/HashSource/hashsource_antminer_Lx/bitmain_firmware/Antminer-L9-CV-release-202408211920/BOOT.bin_extract/gzip.uncompressed_extract/usr/lib/xtables/libxt_esp.so
/home/danielsokil/Lab/HashSource/hashsource_antminer_Lx/bitmain_firmware/Antminer-L9-CV-release-202408211920/BOOT.bin_extract/gzip.uncompressed_extract/usr/lib/xtables/libxt_hashlimit.so
/home/danielsokil/Lab/HashSource/hashsource_antminer_Lx/bitmain_firmware/Antminer-L9-CV-release-202408211920/BOOT.bin_extract/gzip.uncompressed_extract/usr/lib/xtables/libxt_helper.so
/home/danielsokil/Lab/HashSource/hashsource_antminer_Lx/bitmain_firmware/Antminer-L9-CV-release-202408211920/BOOT.bin_extract/gzip.uncompressed_extract/usr/lib/xtables/libxt_ipcomp.so
/home/danielsokil/Lab/HashSource/hashsource_antminer_Lx/bitmain_firmware/Antminer-L9-CV-release-202408211920/BOOT.bin_extract/gzip.uncompressed_extract/usr/lib/xtables/libxt_iprange.so
/home/danielsokil/Lab/HashSource/hashsource_antminer_Lx/bitmain_firmware/Antminer-L9-CV-release-202408211920/BOOT.bin_extract/gzip.uncompressed_extract/usr/lib/xtables/libxt_ipvs.so
/home/danielsokil/Lab/HashSource/hashsource_antminer_Lx/bitmain_firmware/Antminer-L9-CV-release-202408211920/BOOT.bin_extract/gzip.uncompressed_extract/usr/lib/xtables/libxt_length.so
/home/danielsokil/Lab/HashSource/hashsource_antminer_Lx/bitmain_firmware/Antminer-L9-CV-release-202408211920/BOOT.bin_extract/gzip.uncompressed_extract/usr/lib/xtables/libxt_limit.so
/home/danielsokil/Lab/HashSource/hashsource_antminer_Lx/bitmain_firmware/Antminer-L9-CV-release-202408211920/BOOT.bin_extract/gzip.uncompressed_extract/usr/lib/xtables/libxt_mac.so
/home/danielsokil/Lab/HashSource/hashsource_antminer_Lx/bitmain_firmware/Antminer-L9-CV-release-202408211920/BOOT.bin_extract/gzip.uncompressed_extract/usr/lib/xtables/libxt_mark.so
/home/danielsokil/Lab/HashSource/hashsource_antminer_Lx/bitmain_firmware/Antminer-L9-CV-release-202408211920/BOOT.bin_extract/gzip.uncompressed_extract/usr/lib/xtables/libxt_multiport.so
/home/danielsokil/Lab/HashSource/hashsource_antminer_Lx/bitmain_firmware/Antminer-L9-CV-release-202408211920/BOOT.bin_extract/gzip.uncompressed_extract/usr/lib/xtables/libxt_nfacct.so
/home/danielsokil/Lab/HashSource/hashsource_antminer_Lx/bitmain_firmware/Antminer-L9-CV-release-202408211920/BOOT.bin_extract/gzip.uncompressed_extract/usr/lib/xtables/libxt_osf.so
/home/danielsokil/Lab/HashSource/hashsource_antminer_Lx/bitmain_firmware/Antminer-L9-CV-release-202408211920/BOOT.bin_extract/gzip.uncompressed_extract/usr/lib/xtables/libxt_owner.so
/home/danielsokil/Lab/HashSource/hashsource_antminer_Lx/bitmain_firmware/Antminer-L9-CV-release-202408211920/BOOT.bin_extract/gzip.uncompressed_extract/usr/lib/xtables/libxt_physdev.so
/home/danielsokil/Lab/HashSource/hashsource_antminer_Lx/bitmain_firmware/Antminer-L9-CV-release-202408211920/BOOT.bin_extract/gzip.uncompressed_extract/usr/lib/xtables/libxt_pkttype.so
/home/danielsokil/Lab/HashSource/hashsource_antminer_Lx/bitmain_firmware/Antminer-L9-CV-release-202408211920/BOOT.bin_extract/gzip.uncompressed_extract/usr/lib/xtables/libxt_policy.so
/home/danielsokil/Lab/HashSource/hashsource_antminer_Lx/bitmain_firmware/Antminer-L9-CV-release-202408211920/BOOT.bin_extract/gzip.uncompressed_extract/usr/lib/xtables/libxt_quota.so
/home/danielsokil/Lab/HashSource/hashsource_antminer_Lx/bitmain_firmware/Antminer-L9-CV-release-202408211920/BOOT.bin_extract/gzip.uncompressed_extract/usr/lib/xtables/libxt_rateest.so
/home/danielsokil/Lab/HashSource/hashsource_antminer_Lx/bitmain_firmware/Antminer-L9-CV-release-202408211920/BOOT.bin_extract/gzip.uncompressed_extract/usr/lib/xtables/libxt_recent.so
/home/danielsokil/Lab/HashSource/hashsource_antminer_Lx/bitmain_firmware/Antminer-L9-CV-release-202408211920/BOOT.bin_extract/gzip.uncompressed_extract/usr/lib/xtables/libxt_rpfilter.so
/home/danielsokil/Lab/HashSource/hashsource_antminer_Lx/bitmain_firmware/Antminer-L9-CV-release-202408211920/BOOT.bin_extract/gzip.uncompressed_extract/usr/lib/xtables/libxt_sctp.so
/home/danielsokil/Lab/HashSource/hashsource_antminer_Lx/bitmain_firmware/Antminer-L9-CV-release-202408211920/BOOT.bin_extract/gzip.uncompressed_extract/usr/lib/xtables/libxt_set.so
/home/danielsokil/Lab/HashSource/hashsource_antminer_Lx/bitmain_firmware/Antminer-L9-CV-release-202408211920/BOOT.bin_extract/gzip.uncompressed_extract/usr/lib/xtables/libxt_socket.so
/home/danielsokil/Lab/HashSource/hashsource_antminer_Lx/bitmain_firmware/Antminer-L9-CV-release-202408211920/BOOT.bin_extract/gzip.uncompressed_extract/usr/lib/xtables/libxt_standard.so
/home/danielsokil/Lab/HashSource/hashsource_antminer_Lx/bitmain_firmware/Antminer-L9-CV-release-202408211920/BOOT.bin_extract/gzip.uncompressed_extract/usr/lib/xtables/libxt_statistic.so
/home/danielsokil/Lab/HashSource/hashsource_antminer_Lx/bitmain_firmware/Antminer-L9-CV-release-202408211920/BOOT.bin_extract/gzip.uncompressed_extract/usr/lib/xtables/libxt_string.so
/home/danielsokil/Lab/HashSource/hashsource_antminer_Lx/bitmain_firmware/Antminer-L9-CV-release-202408211920/BOOT.bin_extract/gzip.uncompressed_extract/usr/lib/xtables/libxt_tcp.so
/home/danielsokil/Lab/HashSource/hashsource_antminer_Lx/bitmain_firmware/Antminer-L9-CV-release-202408211920/BOOT.bin_extract/gzip.uncompressed_extract/usr/lib/xtables/libxt_tcpmss.so
/home/danielsokil/Lab/HashSource/hashsource_antminer_Lx/bitmain_firmware/Antminer-L9-CV-release-202408211920/BOOT.bin_extract/gzip.uncompressed_extract/usr/lib/xtables/libxt_time.so
/home/danielsokil/Lab/HashSource/hashsource_antminer_Lx/bitmain_firmware/Antminer-L9-CV-release-202408211920/BOOT.bin_extract/gzip.uncompressed_extract/usr/lib/xtables/libxt_tos.so
/home/danielsokil/Lab/HashSource/hashsource_antminer_Lx/bitmain_firmware/Antminer-L9-CV-release-202408211920/BOOT.bin_extract/gzip.uncompressed_extract/usr/lib/xtables/libxt_u32.so
/home/danielsokil/Lab/HashSource/hashsource_antminer_Lx/bitmain_firmware/Antminer-L9-CV-release-202408211920/BOOT.bin_extract/gzip.uncompressed_extract/usr/lib/xtables/libxt_udp.so
/home/danielsokil/Lab/HashSource/hashsource_antminer_Lx/bitmain_firmware/Antminer-L9-CV-release-202408211920/BOOT.bin_extract/gzip.uncompressed_extract/usr/libexec/sudo/group_file.so
/home/danielsokil/Lab/HashSource/hashsource_antminer_Lx/bitmain_firmware/Antminer-L9-CV-release-202408211920/BOOT.bin_extract/gzip.uncompressed_extract/usr/libexec/sudo/libsudo_util.so.0.0.0
/home/danielsokil/Lab/HashSource/hashsource_antminer_Lx/bitmain_firmware/Antminer-L9-CV-release-202408211920/BOOT.bin_extract/gzip.uncompressed_extract/usr/libexec/sudo/sudo_noexec.so
/home/danielsokil/Lab/HashSource/hashsource_antminer_Lx/bitmain_firmware/Antminer-L9-CV-release-202408211920/BOOT.bin_extract/gzip.uncompressed_extract/usr/libexec/sudo/sudoers.so
/home/danielsokil/Lab/HashSource/hashsource_antminer_Lx/bitmain_firmware/Antminer-L9-CV-release-202408211920/BOOT.bin_extract/gzip.uncompressed_extract/usr/libexec/sudo/system_group.so
/home/danielsokil/Lab/HashSource/hashsource_antminer_Lx/bitmain_firmware/Antminer-L9-CV-release-202408211920/BOOT.bin_extract/gzip.uncompressed_extract/usr/sbin/avahi-autoipd
/home/danielsokil/Lab/HashSource/hashsource_antminer_Lx/bitmain_firmware/Antminer-L9-CV-release-202408211920/BOOT.bin_extract/gzip.uncompressed_extract/usr/sbin/avahi-daemon
/home/danielsokil/Lab/HashSource/hashsource_antminer_Lx/bitmain_firmware/Antminer-L9-CV-release-202408211920/BOOT.bin_extract/gzip.uncompressed_extract/usr/sbin/avahi-dnsconfd
/home/danielsokil/Lab/HashSource/hashsource_antminer_Lx/bitmain_firmware/Antminer-L9-CV-release-202408211920/BOOT.bin_extract/gzip.uncompressed_extract/usr/sbin/dropbear
/home/danielsokil/Lab/HashSource/hashsource_antminer_Lx/bitmain_firmware/Antminer-L9-CV-release-202408211920/BOOT.bin_extract/gzip.uncompressed_extract/usr/sbin/eeprog
/home/danielsokil/Lab/HashSource/hashsource_antminer_Lx/bitmain_firmware/Antminer-L9-CV-release-202408211920/BOOT.bin_extract/gzip.uncompressed_extract/usr/sbin/gdisk
/home/danielsokil/Lab/HashSource/hashsource_antminer_Lx/bitmain_firmware/Antminer-L9-CV-release-202408211920/BOOT.bin_extract/gzip.uncompressed_extract/usr/sbin/i2cdetect
/home/danielsokil/Lab/HashSource/hashsource_antminer_Lx/bitmain_firmware/Antminer-L9-CV-release-202408211920/BOOT.bin_extract/gzip.uncompressed_extract/usr/sbin/i2cdump
/home/danielsokil/Lab/HashSource/hashsource_antminer_Lx/bitmain_firmware/Antminer-L9-CV-release-202408211920/BOOT.bin_extract/gzip.uncompressed_extract/usr/sbin/i2cget
/home/danielsokil/Lab/HashSource/hashsource_antminer_Lx/bitmain_firmware/Antminer-L9-CV-release-202408211920/BOOT.bin_extract/gzip.uncompressed_extract/usr/sbin/i2cset
/home/danielsokil/Lab/HashSource/hashsource_antminer_Lx/bitmain_firmware/Antminer-L9-CV-release-202408211920/BOOT.bin_extract/gzip.uncompressed_extract/usr/sbin/i2ctransfer
/home/danielsokil/Lab/HashSource/hashsource_antminer_Lx/bitmain_firmware/Antminer-L9-CV-release-202408211920/BOOT.bin_extract/gzip.uncompressed_extract/usr/sbin/lighttpd
/home/danielsokil/Lab/HashSource/hashsource_antminer_Lx/bitmain_firmware/Antminer-L9-CV-release-202408211920/BOOT.bin_extract/gzip.uncompressed_extract/usr/sbin/lighttpd-angel
/home/danielsokil/Lab/HashSource/hashsource_antminer_Lx/bitmain_firmware/Antminer-L9-CV-release-202408211920/BOOT.bin_extract/gzip.uncompressed_extract/usr/sbin/ntpd
/home/danielsokil/Lab/HashSource/hashsource_antminer_Lx/bitmain_firmware/Antminer-L9-CV-release-202408211920/BOOT.bin_extract/gzip.uncompressed_extract/usr/sbin/update-daemon
/home/danielsokil/Lab/HashSource/hashsource_antminer_Lx/bitmain_firmware/Antminer-L9-CV-release-202408211920/BOOT.bin_extract/gzip.uncompressed_extract/usr/sbin/visudo
/home/danielsokil/Lab/HashSource/hashsource_antminer_Lx/bitmain_firmware/Antminer-L9-CV-release-202408211920/BOOT.bin_extract/gzip.uncompressed_extract/usr/sbin/xtables-legacy-multi
/home/danielsokil/Lab/HashSource/hashsource_antminer_Lx/bitmain_firmware/Antminer-L9-merge-release-20250210032929/Antminer L9/AMLCtrl_BSL4160X/update/datafile_extracted/ramdisk_fs/bin/busybox
/home/danielsokil/Lab/HashSource/hashsource_antminer_Lx/bitmain_firmware/Antminer-L9-merge-release-20250210032929/Antminer L9/AMLCtrl_BSL4160X/update/datafile_extracted/ramdisk_fs/lib/ld-2.25.so
/home/danielsokil/Lab/HashSource/hashsource_antminer_Lx/bitmain_firmware/Antminer-L9-merge-release-20250210032929/Antminer L9/AMLCtrl_BSL4160X/update/datafile_extracted/ramdisk_fs/lib/libpthread-2.25.so
/home/danielsokil/Lab/HashSource/hashsource_antminer_Lx/bitmain_firmware/Antminer-L9-merge-release-20250210032929/Antminer L9/AMLCtrl_BSL4160X/update/datafile_extracted/ramdisk_fs/sbin/halt
/home/danielsokil/Lab/HashSource/hashsource_antminer_Lx/bitmain_firmware/Antminer-L9-merge-release-20250210032929/Antminer L9/AMLCtrl_BSL4160X/update/datafile_extracted/ramdisk_fs/sbin/init
/home/danielsokil/Lab/HashSource/hashsource_antminer_Lx/bitmain_firmware/Antminer-L9-merge-release-20250210032929/Antminer L9/AMLCtrl_BSL4160X/update/datafile_extracted/ramdisk_fs/sbin/killall5
/home/danielsokil/Lab/HashSource/hashsource_antminer_Lx/bitmain_firmware/Antminer-L9-merge-release-20250210032929/Antminer L9/AMLCtrl_BSL4160X/update/datafile_extracted/ramdisk_fs/sbin/shutdown
/home/danielsokil/Lab/HashSource/hashsource_antminer_Lx/bitmain_firmware/Antminer-L9-merge-release-20250210032929/Antminer L9/AMLCtrl_BSL4160X/update/datafile_extracted/ramdisk_fs/usr/bin/FileParser
/home/danielsokil/Lab/HashSource/hashsource_antminer_Lx/bitmain_firmware/Antminer-L9-merge-release-20250210032929/Antminer L9/AMLCtrl_BSL4160X/update/datafile_extracted/ramdisk_fs/usr/bin/cgminer-api
/home/danielsokil/Lab/HashSource/hashsource_antminer_Lx/bitmain_firmware/Antminer-L9-merge-release-20250210032929/Antminer L9/AMLCtrl_BSL4160X/update/datafile_extracted/ramdisk_fs/usr/bin/cvtsudoers
/home/danielsokil/Lab/HashSource/hashsource_antminer_Lx/bitmain_firmware/Antminer-L9-merge-release-20250210032929/Antminer L9/AMLCtrl_BSL4160X/update/datafile_extracted/ramdisk_fs/usr/bin/godminer
/home/danielsokil/Lab/HashSource/hashsource_antminer_Lx/bitmain_firmware/Antminer-L9-merge-release-20250210032929/Antminer L9/AMLCtrl_BSL4160X/update/datafile_extracted/ramdisk_fs/usr/bin/jq
/home/danielsokil/Lab/HashSource/hashsource_antminer_Lx/bitmain_firmware/Antminer-L9-merge-release-20250210032929/Antminer L9/AMLCtrl_BSL4160X/update/datafile_extracted/ramdisk_fs/usr/bin/kmod
/home/danielsokil/Lab/HashSource/hashsource_antminer_Lx/bitmain_firmware/Antminer-L9-merge-release-20250210032929/Antminer L9/AMLCtrl_BSL4160X/update/datafile_extracted/ramdisk_fs/usr/bin/monitor-ipsig
/home/danielsokil/Lab/HashSource/hashsource_antminer_Lx/bitmain_firmware/Antminer-L9-merge-release-20250210032929/Antminer L9/AMLCtrl_BSL4160X/update/datafile_extracted/ramdisk_fs/usr/bin/monitor-recobtn
/home/danielsokil/Lab/HashSource/hashsource_antminer_Lx/bitmain_firmware/Antminer-L9-merge-release-20250210032929/Antminer L9/AMLCtrl_BSL4160X/update/datafile_extracted/ramdisk_fs/usr/bin/ntpdate
/home/danielsokil/Lab/HashSource/hashsource_antminer_Lx/bitmain_firmware/Antminer-L9-merge-release-20250210032929/Antminer L9/AMLCtrl_BSL4160X/update/datafile_extracted/ramdisk_fs/usr/bin/openssl
/home/danielsokil/Lab/HashSource/hashsource_antminer_Lx/bitmain_firmware/Antminer-L9-merge-release-20250210032929/Antminer L9/AMLCtrl_BSL4160X/update/datafile_extracted/ramdisk_fs/usr/bin/pcregrep
/home/danielsokil/Lab/HashSource/hashsource_antminer_Lx/bitmain_firmware/Antminer-L9-merge-release-20250210032929/Antminer L9/AMLCtrl_BSL4160X/update/datafile_extracted/ramdisk_fs/usr/bin/pcretest
/home/danielsokil/Lab/HashSource/hashsource_antminer_Lx/bitmain_firmware/Antminer-L9-merge-release-20250210032929/Antminer L9/AMLCtrl_BSL4160X/update/datafile_extracted/ramdisk_fs/usr/bin/sudo
/home/danielsokil/Lab/HashSource/hashsource_antminer_Lx/bitmain_firmware/Antminer-L9-merge-release-20250210032929/Antminer L9/AMLCtrl_BSL4160X/update/datafile_extracted/ramdisk_fs/usr/bin/sudoreplay
/home/danielsokil/Lab/HashSource/hashsource_antminer_Lx/bitmain_firmware/Antminer-L9-merge-release-20250210032929/Antminer L9/AMLCtrl_BSL4160X/update/datafile_extracted/ramdisk_fs/usr/bin/xmlwf
/home/danielsokil/Lab/HashSource/hashsource_antminer_Lx/bitmain_firmware/Antminer-L9-merge-release-20250210032929/Antminer L9/AMLCtrl_BSL4160X/update/datafile_extracted/ramdisk_fs/usr/lib/libaio.so.1.0.1
/home/danielsokil/Lab/HashSource/hashsource_antminer_Lx/bitmain_firmware/Antminer-L9-merge-release-20250210032929/Antminer L9/AMLCtrl_BSL4160X/update/datafile_extracted/ramdisk_fs/usr/lib/libavahi-common.so.3.5.3
/home/danielsokil/Lab/HashSource/hashsource_antminer_Lx/bitmain_firmware/Antminer-L9-merge-release-20250210032929/Antminer L9/AMLCtrl_BSL4160X/update/datafile_extracted/ramdisk_fs/usr/lib/libavahi-core.so.7.0.2
/home/danielsokil/Lab/HashSource/hashsource_antminer_Lx/bitmain_firmware/Antminer-L9-merge-release-20250210032929/Antminer L9/AMLCtrl_BSL4160X/update/datafile_extracted/ramdisk_fs/usr/lib/libcrypto.so.1.1
/home/danielsokil/Lab/HashSource/hashsource_antminer_Lx/bitmain_firmware/Antminer-L9-merge-release-20250210032929/Antminer L9/AMLCtrl_BSL4160X/update/datafile_extracted/ramdisk_fs/usr/lib/libdaemon.so.0.5.0
/home/danielsokil/Lab/HashSource/hashsource_antminer_Lx/bitmain_firmware/Antminer-L9-merge-release-20250210032929/Antminer L9/AMLCtrl_BSL4160X/update/datafile_extracted/ramdisk_fs/usr/lib/libevent-2.1.so.6.0.2
/home/danielsokil/Lab/HashSource/hashsource_antminer_Lx/bitmain_firmware/Antminer-L9-merge-release-20250210032929/Antminer L9/AMLCtrl_BSL4160X/update/datafile_extracted/ramdisk_fs/usr/lib/libevent_core-2.1.so.6.0.2
/home/danielsokil/Lab/HashSource/hashsource_antminer_Lx/bitmain_firmware/Antminer-L9-merge-release-20250210032929/Antminer L9/AMLCtrl_BSL4160X/update/datafile_extracted/ramdisk_fs/usr/lib/libevent_extra-2.1.so.6.0.2
/home/danielsokil/Lab/HashSource/hashsource_antminer_Lx/bitmain_firmware/Antminer-L9-merge-release-20250210032929/Antminer L9/AMLCtrl_BSL4160X/update/datafile_extracted/ramdisk_fs/usr/lib/libevent_openssl-2.1.so.6.0.2
/home/danielsokil/Lab/HashSource/hashsource_antminer_Lx/bitmain_firmware/Antminer-L9-merge-release-20250210032929/Antminer L9/AMLCtrl_BSL4160X/update/datafile_extracted/ramdisk_fs/usr/lib/libevent_pthreads-2.1.so.6.0.2
/home/danielsokil/Lab/HashSource/hashsource_antminer_Lx/bitmain_firmware/Antminer-L9-merge-release-20250210032929/Antminer L9/AMLCtrl_BSL4160X/update/datafile_extracted/ramdisk_fs/usr/lib/libexpat.so.1.6.10
/home/danielsokil/Lab/HashSource/hashsource_antminer_Lx/bitmain_firmware/Antminer-L9-merge-release-20250210032929/Antminer L9/AMLCtrl_BSL4160X/update/datafile_extracted/ramdisk_fs/usr/lib/libi2c.so.0.1.1
/home/danielsokil/Lab/HashSource/hashsource_antminer_Lx/bitmain_firmware/Antminer-L9-merge-release-20250210032929/Antminer L9/AMLCtrl_BSL4160X/update/datafile_extracted/ramdisk_fs/usr/lib/libip4tc.so.2.0.0
/home/danielsokil/Lab/HashSource/hashsource_antminer_Lx/bitmain_firmware/Antminer-L9-merge-release-20250210032929/Antminer L9/AMLCtrl_BSL4160X/update/datafile_extracted/ramdisk_fs/usr/lib/libip6tc.so.2.0.0
/home/danielsokil/Lab/HashSource/hashsource_antminer_Lx/bitmain_firmware/Antminer-L9-merge-release-20250210032929/Antminer L9/AMLCtrl_BSL4160X/update/datafile_extracted/ramdisk_fs/usr/lib/libiptc.so.0.0.0
/home/danielsokil/Lab/HashSource/hashsource_antminer_Lx/bitmain_firmware/Antminer-L9-merge-release-20250210032929/Antminer L9/AMLCtrl_BSL4160X/update/datafile_extracted/ramdisk_fs/usr/lib/libkmod.so.2.3.3
/home/danielsokil/Lab/HashSource/hashsource_antminer_Lx/bitmain_firmware/Antminer-L9-merge-release-20250210032929/Antminer L9/AMLCtrl_BSL4160X/update/datafile_extracted/ramdisk_fs/usr/lib/libpcre.so.1.2.10
/home/danielsokil/Lab/HashSource/hashsource_antminer_Lx/bitmain_firmware/Antminer-L9-merge-release-20250210032929/Antminer L9/AMLCtrl_BSL4160X/update/datafile_extracted/ramdisk_fs/usr/lib/libpcrecpp.so.0.0.1
/home/danielsokil/Lab/HashSource/hashsource_antminer_Lx/bitmain_firmware/Antminer-L9-merge-release-20250210032929/Antminer L9/AMLCtrl_BSL4160X/update/datafile_extracted/ramdisk_fs/usr/lib/libpcreposix.so.0.0.6
/home/danielsokil/Lab/HashSource/hashsource_antminer_Lx/bitmain_firmware/Antminer-L9-merge-release-20250210032929/Antminer L9/AMLCtrl_BSL4160X/update/datafile_extracted/ramdisk_fs/usr/lib/libssl.so.1.1
/home/danielsokil/Lab/HashSource/hashsource_antminer_Lx/bitmain_firmware/Antminer-L9-merge-release-20250210032929/Antminer L9/AMLCtrl_BSL4160X/update/datafile_extracted/ramdisk_fs/usr/lib/libxtables.so.12.2.0
/home/danielsokil/Lab/HashSource/hashsource_antminer_Lx/bitmain_firmware/Antminer-L9-merge-release-20250210032929/Antminer L9/AMLCtrl_BSL4160X/update/datafile_extracted/ramdisk_fs/usr/lib/libz.so.1.2.11
/home/danielsokil/Lab/HashSource/hashsource_antminer_Lx/bitmain_firmware/Antminer-L9-merge-release-20250210032929/Antminer L9/AMLCtrl_BSL4160X/update/datafile_extracted/ramdisk_fs/usr/lib/lighttpd/mod_access.so
/home/danielsokil/Lab/HashSource/hashsource_antminer_Lx/bitmain_firmware/Antminer-L9-merge-release-20250210032929/Antminer L9/AMLCtrl_BSL4160X/update/datafile_extracted/ramdisk_fs/usr/lib/lighttpd/mod_accesslog.so
/home/danielsokil/Lab/HashSource/hashsource_antminer_Lx/bitmain_firmware/Antminer-L9-merge-release-20250210032929/Antminer L9/AMLCtrl_BSL4160X/update/datafile_extracted/ramdisk_fs/usr/lib/lighttpd/mod_alias.so
/home/danielsokil/Lab/HashSource/hashsource_antminer_Lx/bitmain_firmware/Antminer-L9-merge-release-20250210032929/Antminer L9/AMLCtrl_BSL4160X/update/datafile_extracted/ramdisk_fs/usr/lib/lighttpd/mod_auth.so
/home/danielsokil/Lab/HashSource/hashsource_antminer_Lx/bitmain_firmware/Antminer-L9-merge-release-20250210032929/Antminer L9/AMLCtrl_BSL4160X/update/datafile_extracted/ramdisk_fs/usr/lib/lighttpd/mod_cgi.so
/home/danielsokil/Lab/HashSource/hashsource_antminer_Lx/bitmain_firmware/Antminer-L9-merge-release-20250210032929/Antminer L9/AMLCtrl_BSL4160X/update/datafile_extracted/ramdisk_fs/usr/lib/lighttpd/mod_cml.so
/home/danielsokil/Lab/HashSource/hashsource_antminer_Lx/bitmain_firmware/Antminer-L9-merge-release-20250210032929/Antminer L9/AMLCtrl_BSL4160X/update/datafile_extracted/ramdisk_fs/usr/lib/lighttpd/mod_compress.so
/home/danielsokil/Lab/HashSource/hashsource_antminer_Lx/bitmain_firmware/Antminer-L9-merge-release-20250210032929/Antminer L9/AMLCtrl_BSL4160X/update/datafile_extracted/ramdisk_fs/usr/lib/lighttpd/mod_dirlisting.so
/home/danielsokil/Lab/HashSource/hashsource_antminer_Lx/bitmain_firmware/Antminer-L9-merge-release-20250210032929/Antminer L9/AMLCtrl_BSL4160X/update/datafile_extracted/ramdisk_fs/usr/lib/lighttpd/mod_evasive.so
/home/danielsokil/Lab/HashSource/hashsource_antminer_Lx/bitmain_firmware/Antminer-L9-merge-release-20250210032929/Antminer L9/AMLCtrl_BSL4160X/update/datafile_extracted/ramdisk_fs/usr/lib/lighttpd/mod_evhost.so
/home/danielsokil/Lab/HashSource/hashsource_antminer_Lx/bitmain_firmware/Antminer-L9-merge-release-20250210032929/Antminer L9/AMLCtrl_BSL4160X/update/datafile_extracted/ramdisk_fs/usr/lib/lighttpd/mod_expire.so
/home/danielsokil/Lab/HashSource/hashsource_antminer_Lx/bitmain_firmware/Antminer-L9-merge-release-20250210032929/Antminer L9/AMLCtrl_BSL4160X/update/datafile_extracted/ramdisk_fs/usr/lib/lighttpd/mod_extforward.so
/home/danielsokil/Lab/HashSource/hashsource_antminer_Lx/bitmain_firmware/Antminer-L9-merge-release-20250210032929/Antminer L9/AMLCtrl_BSL4160X/update/datafile_extracted/ramdisk_fs/usr/lib/lighttpd/mod_fastcgi.so
/home/danielsokil/Lab/HashSource/hashsource_antminer_Lx/bitmain_firmware/Antminer-L9-merge-release-20250210032929/Antminer L9/AMLCtrl_BSL4160X/update/datafile_extracted/ramdisk_fs/usr/lib/lighttpd/mod_flv_streaming.so
/home/danielsokil/Lab/HashSource/hashsource_antminer_Lx/bitmain_firmware/Antminer-L9-merge-release-20250210032929/Antminer L9/AMLCtrl_BSL4160X/update/datafile_extracted/ramdisk_fs/usr/lib/lighttpd/mod_indexfile.so
/home/danielsokil/Lab/HashSource/hashsource_antminer_Lx/bitmain_firmware/Antminer-L9-merge-release-20250210032929/Antminer L9/AMLCtrl_BSL4160X/update/datafile_extracted/ramdisk_fs/usr/lib/lighttpd/mod_magnet.so
/home/danielsokil/Lab/HashSource/hashsource_antminer_Lx/bitmain_firmware/Antminer-L9-merge-release-20250210032929/Antminer L9/AMLCtrl_BSL4160X/update/datafile_extracted/ramdisk_fs/usr/lib/lighttpd/mod_mysql_vhost.so
/home/danielsokil/Lab/HashSource/hashsource_antminer_Lx/bitmain_firmware/Antminer-L9-merge-release-20250210032929/Antminer L9/AMLCtrl_BSL4160X/update/datafile_extracted/ramdisk_fs/usr/lib/lighttpd/mod_proxy.so
/home/danielsokil/Lab/HashSource/hashsource_antminer_Lx/bitmain_firmware/Antminer-L9-merge-release-20250210032929/Antminer L9/AMLCtrl_BSL4160X/update/datafile_extracted/ramdisk_fs/usr/lib/lighttpd/mod_redirect.so
/home/danielsokil/Lab/HashSource/hashsource_antminer_Lx/bitmain_firmware/Antminer-L9-merge-release-20250210032929/Antminer L9/AMLCtrl_BSL4160X/update/datafile_extracted/ramdisk_fs/usr/lib/lighttpd/mod_rewrite.so
/home/danielsokil/Lab/HashSource/hashsource_antminer_Lx/bitmain_firmware/Antminer-L9-merge-release-20250210032929/Antminer L9/AMLCtrl_BSL4160X/update/datafile_extracted/ramdisk_fs/usr/lib/lighttpd/mod_rrdtool.so
/home/danielsokil/Lab/HashSource/hashsource_antminer_Lx/bitmain_firmware/Antminer-L9-merge-release-20250210032929/Antminer L9/AMLCtrl_BSL4160X/update/datafile_extracted/ramdisk_fs/usr/lib/lighttpd/mod_scgi.so
/home/danielsokil/Lab/HashSource/hashsource_antminer_Lx/bitmain_firmware/Antminer-L9-merge-release-20250210032929/Antminer L9/AMLCtrl_BSL4160X/update/datafile_extracted/ramdisk_fs/usr/lib/lighttpd/mod_secdownload.so
/home/danielsokil/Lab/HashSource/hashsource_antminer_Lx/bitmain_firmware/Antminer-L9-merge-release-20250210032929/Antminer L9/AMLCtrl_BSL4160X/update/datafile_extracted/ramdisk_fs/usr/lib/lighttpd/mod_setenv.so
/home/danielsokil/Lab/HashSource/hashsource_antminer_Lx/bitmain_firmware/Antminer-L9-merge-release-20250210032929/Antminer L9/AMLCtrl_BSL4160X/update/datafile_extracted/ramdisk_fs/usr/lib/lighttpd/mod_simple_vhost.so
/home/danielsokil/Lab/HashSource/hashsource_antminer_Lx/bitmain_firmware/Antminer-L9-merge-release-20250210032929/Antminer L9/AMLCtrl_BSL4160X/update/datafile_extracted/ramdisk_fs/usr/lib/lighttpd/mod_ssi.so
/home/danielsokil/Lab/HashSource/hashsource_antminer_Lx/bitmain_firmware/Antminer-L9-merge-release-20250210032929/Antminer L9/AMLCtrl_BSL4160X/update/datafile_extracted/ramdisk_fs/usr/lib/lighttpd/mod_staticfile.so
/home/danielsokil/Lab/HashSource/hashsource_antminer_Lx/bitmain_firmware/Antminer-L9-merge-release-20250210032929/Antminer L9/AMLCtrl_BSL4160X/update/datafile_extracted/ramdisk_fs/usr/lib/lighttpd/mod_status.so
/home/danielsokil/Lab/HashSource/hashsource_antminer_Lx/bitmain_firmware/Antminer-L9-merge-release-20250210032929/Antminer L9/AMLCtrl_BSL4160X/update/datafile_extracted/ramdisk_fs/usr/lib/lighttpd/mod_trigger_b4_dl.so
/home/danielsokil/Lab/HashSource/hashsource_antminer_Lx/bitmain_firmware/Antminer-L9-merge-release-20250210032929/Antminer L9/AMLCtrl_BSL4160X/update/datafile_extracted/ramdisk_fs/usr/lib/lighttpd/mod_userdir.so
/home/danielsokil/Lab/HashSource/hashsource_antminer_Lx/bitmain_firmware/Antminer-L9-merge-release-20250210032929/Antminer L9/AMLCtrl_BSL4160X/update/datafile_extracted/ramdisk_fs/usr/lib/lighttpd/mod_usertrack.so
/home/danielsokil/Lab/HashSource/hashsource_antminer_Lx/bitmain_firmware/Antminer-L9-merge-release-20250210032929/Antminer L9/AMLCtrl_BSL4160X/update/datafile_extracted/ramdisk_fs/usr/lib/lighttpd/mod_webdav.so
/home/danielsokil/Lab/HashSource/hashsource_antminer_Lx/bitmain_firmware/Antminer-L9-merge-release-20250210032929/Antminer L9/AMLCtrl_BSL4160X/update/datafile_extracted/ramdisk_fs/usr/lib/xtables/libip6t_DNAT.so
/home/danielsokil/Lab/HashSource/hashsource_antminer_Lx/bitmain_firmware/Antminer-L9-merge-release-20250210032929/Antminer L9/AMLCtrl_BSL4160X/update/datafile_extracted/ramdisk_fs/usr/lib/xtables/libip6t_DNPT.so
/home/danielsokil/Lab/HashSource/hashsource_antminer_Lx/bitmain_firmware/Antminer-L9-merge-release-20250210032929/Antminer L9/AMLCtrl_BSL4160X/update/datafile_extracted/ramdisk_fs/usr/lib/xtables/libip6t_HL.so
/home/danielsokil/Lab/HashSource/hashsource_antminer_Lx/bitmain_firmware/Antminer-L9-merge-release-20250210032929/Antminer L9/AMLCtrl_BSL4160X/update/datafile_extracted/ramdisk_fs/usr/lib/xtables/libip6t_LOG.so
/home/danielsokil/Lab/HashSource/hashsource_antminer_Lx/bitmain_firmware/Antminer-L9-merge-release-20250210032929/Antminer L9/AMLCtrl_BSL4160X/update/datafile_extracted/ramdisk_fs/usr/lib/xtables/libip6t_MASQUERADE.so
/home/danielsokil/Lab/HashSource/hashsource_antminer_Lx/bitmain_firmware/Antminer-L9-merge-release-20250210032929/Antminer L9/AMLCtrl_BSL4160X/update/datafile_extracted/ramdisk_fs/usr/lib/xtables/libip6t_NETMAP.so
/home/danielsokil/Lab/HashSource/hashsource_antminer_Lx/bitmain_firmware/Antminer-L9-merge-release-20250210032929/Antminer L9/AMLCtrl_BSL4160X/update/datafile_extracted/ramdisk_fs/usr/lib/xtables/libip6t_REDIRECT.so
/home/danielsokil/Lab/HashSource/hashsource_antminer_Lx/bitmain_firmware/Antminer-L9-merge-release-20250210032929/Antminer L9/AMLCtrl_BSL4160X/update/datafile_extracted/ramdisk_fs/usr/lib/xtables/libip6t_REJECT.so
/home/danielsokil/Lab/HashSource/hashsource_antminer_Lx/bitmain_firmware/Antminer-L9-merge-release-20250210032929/Antminer L9/AMLCtrl_BSL4160X/update/datafile_extracted/ramdisk_fs/usr/lib/xtables/libip6t_SNAT.so
/home/danielsokil/Lab/HashSource/hashsource_antminer_Lx/bitmain_firmware/Antminer-L9-merge-release-20250210032929/Antminer L9/AMLCtrl_BSL4160X/update/datafile_extracted/ramdisk_fs/usr/lib/xtables/libip6t_SNPT.so
/home/danielsokil/Lab/HashSource/hashsource_antminer_Lx/bitmain_firmware/Antminer-L9-merge-release-20250210032929/Antminer L9/AMLCtrl_BSL4160X/update/datafile_extracted/ramdisk_fs/usr/lib/xtables/libip6t_ah.so
/home/danielsokil/Lab/HashSource/hashsource_antminer_Lx/bitmain_firmware/Antminer-L9-merge-release-20250210032929/Antminer L9/AMLCtrl_BSL4160X/update/datafile_extracted/ramdisk_fs/usr/lib/xtables/libip6t_dst.so
/home/danielsokil/Lab/HashSource/hashsource_antminer_Lx/bitmain_firmware/Antminer-L9-merge-release-20250210032929/Antminer L9/AMLCtrl_BSL4160X/update/datafile_extracted/ramdisk_fs/usr/lib/xtables/libip6t_eui64.so
/home/danielsokil/Lab/HashSource/hashsource_antminer_Lx/bitmain_firmware/Antminer-L9-merge-release-20250210032929/Antminer L9/AMLCtrl_BSL4160X/update/datafile_extracted/ramdisk_fs/usr/lib/xtables/libip6t_frag.so
/home/danielsokil/Lab/HashSource/hashsource_antminer_Lx/bitmain_firmware/Antminer-L9-merge-release-20250210032929/Antminer L9/AMLCtrl_BSL4160X/update/datafile_extracted/ramdisk_fs/usr/lib/xtables/libip6t_hbh.so
/home/danielsokil/Lab/HashSource/hashsource_antminer_Lx/bitmain_firmware/Antminer-L9-merge-release-20250210032929/Antminer L9/AMLCtrl_BSL4160X/update/datafile_extracted/ramdisk_fs/usr/lib/xtables/libip6t_hl.so
/home/danielsokil/Lab/HashSource/hashsource_antminer_Lx/bitmain_firmware/Antminer-L9-merge-release-20250210032929/Antminer L9/AMLCtrl_BSL4160X/update/datafile_extracted/ramdisk_fs/usr/lib/xtables/libip6t_icmp6.so
/home/danielsokil/Lab/HashSource/hashsource_antminer_Lx/bitmain_firmware/Antminer-L9-merge-release-20250210032929/Antminer L9/AMLCtrl_BSL4160X/update/datafile_extracted/ramdisk_fs/usr/lib/xtables/libip6t_ipv6header.so
/home/danielsokil/Lab/HashSource/hashsource_antminer_Lx/bitmain_firmware/Antminer-L9-merge-release-20250210032929/Antminer L9/AMLCtrl_BSL4160X/update/datafile_extracted/ramdisk_fs/usr/lib/xtables/libip6t_mh.so
/home/danielsokil/Lab/HashSource/hashsource_antminer_Lx/bitmain_firmware/Antminer-L9-merge-release-20250210032929/Antminer L9/AMLCtrl_BSL4160X/update/datafile_extracted/ramdisk_fs/usr/lib/xtables/libip6t_rt.so
/home/danielsokil/Lab/HashSource/hashsource_antminer_Lx/bitmain_firmware/Antminer-L9-merge-release-20250210032929/Antminer L9/AMLCtrl_BSL4160X/update/datafile_extracted/ramdisk_fs/usr/lib/xtables/libip6t_srh.so
/home/danielsokil/Lab/HashSource/hashsource_antminer_Lx/bitmain_firmware/Antminer-L9-merge-release-20250210032929/Antminer L9/AMLCtrl_BSL4160X/update/datafile_extracted/ramdisk_fs/usr/lib/xtables/libipt_CLUSTERIP.so
/home/danielsokil/Lab/HashSource/hashsource_antminer_Lx/bitmain_firmware/Antminer-L9-merge-release-20250210032929/Antminer L9/AMLCtrl_BSL4160X/update/datafile_extracted/ramdisk_fs/usr/lib/xtables/libipt_DNAT.so
/home/danielsokil/Lab/HashSource/hashsource_antminer_Lx/bitmain_firmware/Antminer-L9-merge-release-20250210032929/Antminer L9/AMLCtrl_BSL4160X/update/datafile_extracted/ramdisk_fs/usr/lib/xtables/libipt_ECN.so
/home/danielsokil/Lab/HashSource/hashsource_antminer_Lx/bitmain_firmware/Antminer-L9-merge-release-20250210032929/Antminer L9/AMLCtrl_BSL4160X/update/datafile_extracted/ramdisk_fs/usr/lib/xtables/libipt_LOG.so
/home/danielsokil/Lab/HashSource/hashsource_antminer_Lx/bitmain_firmware/Antminer-L9-merge-release-20250210032929/Antminer L9/AMLCtrl_BSL4160X/update/datafile_extracted/ramdisk_fs/usr/lib/xtables/libipt_MASQUERADE.so
/home/danielsokil/Lab/HashSource/hashsource_antminer_Lx/bitmain_firmware/Antminer-L9-merge-release-20250210032929/Antminer L9/AMLCtrl_BSL4160X/update/datafile_extracted/ramdisk_fs/usr/lib/xtables/libipt_NETMAP.so
/home/danielsokil/Lab/HashSource/hashsource_antminer_Lx/bitmain_firmware/Antminer-L9-merge-release-20250210032929/Antminer L9/AMLCtrl_BSL4160X/update/datafile_extracted/ramdisk_fs/usr/lib/xtables/libipt_REDIRECT.so
/home/danielsokil/Lab/HashSource/hashsource_antminer_Lx/bitmain_firmware/Antminer-L9-merge-release-20250210032929/Antminer L9/AMLCtrl_BSL4160X/update/datafile_extracted/ramdisk_fs/usr/lib/xtables/libipt_REJECT.so
/home/danielsokil/Lab/HashSource/hashsource_antminer_Lx/bitmain_firmware/Antminer-L9-merge-release-20250210032929/Antminer L9/AMLCtrl_BSL4160X/update/datafile_extracted/ramdisk_fs/usr/lib/xtables/libipt_SNAT.so
/home/danielsokil/Lab/HashSource/hashsource_antminer_Lx/bitmain_firmware/Antminer-L9-merge-release-20250210032929/Antminer L9/AMLCtrl_BSL4160X/update/datafile_extracted/ramdisk_fs/usr/lib/xtables/libipt_TTL.so
/home/danielsokil/Lab/HashSource/hashsource_antminer_Lx/bitmain_firmware/Antminer-L9-merge-release-20250210032929/Antminer L9/AMLCtrl_BSL4160X/update/datafile_extracted/ramdisk_fs/usr/lib/xtables/libipt_ULOG.so
/home/danielsokil/Lab/HashSource/hashsource_antminer_Lx/bitmain_firmware/Antminer-L9-merge-release-20250210032929/Antminer L9/AMLCtrl_BSL4160X/update/datafile_extracted/ramdisk_fs/usr/lib/xtables/libipt_ah.so
/home/danielsokil/Lab/HashSource/hashsource_antminer_Lx/bitmain_firmware/Antminer-L9-merge-release-20250210032929/Antminer L9/AMLCtrl_BSL4160X/update/datafile_extracted/ramdisk_fs/usr/lib/xtables/libipt_icmp.so
/home/danielsokil/Lab/HashSource/hashsource_antminer_Lx/bitmain_firmware/Antminer-L9-merge-release-20250210032929/Antminer L9/AMLCtrl_BSL4160X/update/datafile_extracted/ramdisk_fs/usr/lib/xtables/libipt_realm.so
/home/danielsokil/Lab/HashSource/hashsource_antminer_Lx/bitmain_firmware/Antminer-L9-merge-release-20250210032929/Antminer L9/AMLCtrl_BSL4160X/update/datafile_extracted/ramdisk_fs/usr/lib/xtables/libipt_ttl.so
/home/danielsokil/Lab/HashSource/hashsource_antminer_Lx/bitmain_firmware/Antminer-L9-merge-release-20250210032929/Antminer L9/AMLCtrl_BSL4160X/update/datafile_extracted/ramdisk_fs/usr/lib/xtables/libxt_AUDIT.so
/home/danielsokil/Lab/HashSource/hashsource_antminer_Lx/bitmain_firmware/Antminer-L9-merge-release-20250210032929/Antminer L9/AMLCtrl_BSL4160X/update/datafile_extracted/ramdisk_fs/usr/lib/xtables/libxt_CHECKSUM.so
/home/danielsokil/Lab/HashSource/hashsource_antminer_Lx/bitmain_firmware/Antminer-L9-merge-release-20250210032929/Antminer L9/AMLCtrl_BSL4160X/update/datafile_extracted/ramdisk_fs/usr/lib/xtables/libxt_CLASSIFY.so
/home/danielsokil/Lab/HashSource/hashsource_antminer_Lx/bitmain_firmware/Antminer-L9-merge-release-20250210032929/Antminer L9/AMLCtrl_BSL4160X/update/datafile_extracted/ramdisk_fs/usr/lib/xtables/libxt_CONNMARK.so
/home/danielsokil/Lab/HashSource/hashsource_antminer_Lx/bitmain_firmware/Antminer-L9-merge-release-20250210032929/Antminer L9/AMLCtrl_BSL4160X/update/datafile_extracted/ramdisk_fs/usr/lib/xtables/libxt_CONNSECMARK.so
/home/danielsokil/Lab/HashSource/hashsource_antminer_Lx/bitmain_firmware/Antminer-L9-merge-release-20250210032929/Antminer L9/AMLCtrl_BSL4160X/update/datafile_extracted/ramdisk_fs/usr/lib/xtables/libxt_CT.so
/home/danielsokil/Lab/HashSource/hashsource_antminer_Lx/bitmain_firmware/Antminer-L9-merge-release-20250210032929/Antminer L9/AMLCtrl_BSL4160X/update/datafile_extracted/ramdisk_fs/usr/lib/xtables/libxt_DSCP.so
/home/danielsokil/Lab/HashSource/hashsource_antminer_Lx/bitmain_firmware/Antminer-L9-merge-release-20250210032929/Antminer L9/AMLCtrl_BSL4160X/update/datafile_extracted/ramdisk_fs/usr/lib/xtables/libxt_HMARK.so
/home/danielsokil/Lab/HashSource/hashsource_antminer_Lx/bitmain_firmware/Antminer-L9-merge-release-20250210032929/Antminer L9/AMLCtrl_BSL4160X/update/datafile_extracted/ramdisk_fs/usr/lib/xtables/libxt_IDLETIMER.so
/home/danielsokil/Lab/HashSource/hashsource_antminer_Lx/bitmain_firmware/Antminer-L9-merge-release-20250210032929/Antminer L9/AMLCtrl_BSL4160X/update/datafile_extracted/ramdisk_fs/usr/lib/xtables/libxt_LED.so
/home/danielsokil/Lab/HashSource/hashsource_antminer_Lx/bitmain_firmware/Antminer-L9-merge-release-20250210032929/Antminer L9/AMLCtrl_BSL4160X/update/datafile_extracted/ramdisk_fs/usr/lib/xtables/libxt_MARK.so
/home/danielsokil/Lab/HashSource/hashsource_antminer_Lx/bitmain_firmware/Antminer-L9-merge-release-20250210032929/Antminer L9/AMLCtrl_BSL4160X/update/datafile_extracted/ramdisk_fs/usr/lib/xtables/libxt_NFLOG.so
/home/danielsokil/Lab/HashSource/hashsource_antminer_Lx/bitmain_firmware/Antminer-L9-merge-release-20250210032929/Antminer L9/AMLCtrl_BSL4160X/update/datafile_extracted/ramdisk_fs/usr/lib/xtables/libxt_NFQUEUE.so
/home/danielsokil/Lab/HashSource/hashsource_antminer_Lx/bitmain_firmware/Antminer-L9-merge-release-20250210032929/Antminer L9/AMLCtrl_BSL4160X/update/datafile_extracted/ramdisk_fs/usr/lib/xtables/libxt_RATEEST.so
/home/danielsokil/Lab/HashSource/hashsource_antminer_Lx/bitmain_firmware/Antminer-L9-merge-release-20250210032929/Antminer L9/AMLCtrl_BSL4160X/update/datafile_extracted/ramdisk_fs/usr/lib/xtables/libxt_SECMARK.so
/home/danielsokil/Lab/HashSource/hashsource_antminer_Lx/bitmain_firmware/Antminer-L9-merge-release-20250210032929/Antminer L9/AMLCtrl_BSL4160X/update/datafile_extracted/ramdisk_fs/usr/lib/xtables/libxt_SET.so
/home/danielsokil/Lab/HashSource/hashsource_antminer_Lx/bitmain_firmware/Antminer-L9-merge-release-20250210032929/Antminer L9/AMLCtrl_BSL4160X/update/datafile_extracted/ramdisk_fs/usr/lib/xtables/libxt_SYNPROXY.so
/home/danielsokil/Lab/HashSource/hashsource_antminer_Lx/bitmain_firmware/Antminer-L9-merge-release-20250210032929/Antminer L9/AMLCtrl_BSL4160X/update/datafile_extracted/ramdisk_fs/usr/lib/xtables/libxt_TCPMSS.so
/home/danielsokil/Lab/HashSource/hashsource_antminer_Lx/bitmain_firmware/Antminer-L9-merge-release-20250210032929/Antminer L9/AMLCtrl_BSL4160X/update/datafile_extracted/ramdisk_fs/usr/lib/xtables/libxt_TCPOPTSTRIP.so
/home/danielsokil/Lab/HashSource/hashsource_antminer_Lx/bitmain_firmware/Antminer-L9-merge-release-20250210032929/Antminer L9/AMLCtrl_BSL4160X/update/datafile_extracted/ramdisk_fs/usr/lib/xtables/libxt_TEE.so
/home/danielsokil/Lab/HashSource/hashsource_antminer_Lx/bitmain_firmware/Antminer-L9-merge-release-20250210032929/Antminer L9/AMLCtrl_BSL4160X/update/datafile_extracted/ramdisk_fs/usr/lib/xtables/libxt_TOS.so
/home/danielsokil/Lab/HashSource/hashsource_antminer_Lx/bitmain_firmware/Antminer-L9-merge-release-20250210032929/Antminer L9/AMLCtrl_BSL4160X/update/datafile_extracted/ramdisk_fs/usr/lib/xtables/libxt_TPROXY.so
/home/danielsokil/Lab/HashSource/hashsource_antminer_Lx/bitmain_firmware/Antminer-L9-merge-release-20250210032929/Antminer L9/AMLCtrl_BSL4160X/update/datafile_extracted/ramdisk_fs/usr/lib/xtables/libxt_TRACE.so
/home/danielsokil/Lab/HashSource/hashsource_antminer_Lx/bitmain_firmware/Antminer-L9-merge-release-20250210032929/Antminer L9/AMLCtrl_BSL4160X/update/datafile_extracted/ramdisk_fs/usr/lib/xtables/libxt_addrtype.so
/home/danielsokil/Lab/HashSource/hashsource_antminer_Lx/bitmain_firmware/Antminer-L9-merge-release-20250210032929/Antminer L9/AMLCtrl_BSL4160X/update/datafile_extracted/ramdisk_fs/usr/lib/xtables/libxt_bpf.so
/home/danielsokil/Lab/HashSource/hashsource_antminer_Lx/bitmain_firmware/Antminer-L9-merge-release-20250210032929/Antminer L9/AMLCtrl_BSL4160X/update/datafile_extracted/ramdisk_fs/usr/lib/xtables/libxt_cgroup.so
/home/danielsokil/Lab/HashSource/hashsource_antminer_Lx/bitmain_firmware/Antminer-L9-merge-release-20250210032929/Antminer L9/AMLCtrl_BSL4160X/update/datafile_extracted/ramdisk_fs/usr/lib/xtables/libxt_cluster.so
/home/danielsokil/Lab/HashSource/hashsource_antminer_Lx/bitmain_firmware/Antminer-L9-merge-release-20250210032929/Antminer L9/AMLCtrl_BSL4160X/update/datafile_extracted/ramdisk_fs/usr/lib/xtables/libxt_comment.so
/home/danielsokil/Lab/HashSource/hashsource_antminer_Lx/bitmain_firmware/Antminer-L9-merge-release-20250210032929/Antminer L9/AMLCtrl_BSL4160X/update/datafile_extracted/ramdisk_fs/usr/lib/xtables/libxt_connbytes.so
/home/danielsokil/Lab/HashSource/hashsource_antminer_Lx/bitmain_firmware/Antminer-L9-merge-release-20250210032929/Antminer L9/AMLCtrl_BSL4160X/update/datafile_extracted/ramdisk_fs/usr/lib/xtables/libxt_connlimit.so
/home/danielsokil/Lab/HashSource/hashsource_antminer_Lx/bitmain_firmware/Antminer-L9-merge-release-20250210032929/Antminer L9/AMLCtrl_BSL4160X/update/datafile_extracted/ramdisk_fs/usr/lib/xtables/libxt_connmark.so
/home/danielsokil/Lab/HashSource/hashsource_antminer_Lx/bitmain_firmware/Antminer-L9-merge-release-20250210032929/Antminer L9/AMLCtrl_BSL4160X/update/datafile_extracted/ramdisk_fs/usr/lib/xtables/libxt_conntrack.so
/home/danielsokil/Lab/HashSource/hashsource_antminer_Lx/bitmain_firmware/Antminer-L9-merge-release-20250210032929/Antminer L9/AMLCtrl_BSL4160X/update/datafile_extracted/ramdisk_fs/usr/lib/xtables/libxt_cpu.so
/home/danielsokil/Lab/HashSource/hashsource_antminer_Lx/bitmain_firmware/Antminer-L9-merge-release-20250210032929/Antminer L9/AMLCtrl_BSL4160X/update/datafile_extracted/ramdisk_fs/usr/lib/xtables/libxt_dccp.so
/home/danielsokil/Lab/HashSource/hashsource_antminer_Lx/bitmain_firmware/Antminer-L9-merge-release-20250210032929/Antminer L9/AMLCtrl_BSL4160X/update/datafile_extracted/ramdisk_fs/usr/lib/xtables/libxt_devgroup.so
/home/danielsokil/Lab/HashSource/hashsource_antminer_Lx/bitmain_firmware/Antminer-L9-merge-release-20250210032929/Antminer L9/AMLCtrl_BSL4160X/update/datafile_extracted/ramdisk_fs/usr/lib/xtables/libxt_dscp.so
/home/danielsokil/Lab/HashSource/hashsource_antminer_Lx/bitmain_firmware/Antminer-L9-merge-release-20250210032929/Antminer L9/AMLCtrl_BSL4160X/update/datafile_extracted/ramdisk_fs/usr/lib/xtables/libxt_ecn.so
/home/danielsokil/Lab/HashSource/hashsource_antminer_Lx/bitmain_firmware/Antminer-L9-merge-release-20250210032929/Antminer L9/AMLCtrl_BSL4160X/update/datafile_extracted/ramdisk_fs/usr/lib/xtables/libxt_esp.so
/home/danielsokil/Lab/HashSource/hashsource_antminer_Lx/bitmain_firmware/Antminer-L9-merge-release-20250210032929/Antminer L9/AMLCtrl_BSL4160X/update/datafile_extracted/ramdisk_fs/usr/lib/xtables/libxt_hashlimit.so
/home/danielsokil/Lab/HashSource/hashsource_antminer_Lx/bitmain_firmware/Antminer-L9-merge-release-20250210032929/Antminer L9/AMLCtrl_BSL4160X/update/datafile_extracted/ramdisk_fs/usr/lib/xtables/libxt_helper.so
/home/danielsokil/Lab/HashSource/hashsource_antminer_Lx/bitmain_firmware/Antminer-L9-merge-release-20250210032929/Antminer L9/AMLCtrl_BSL4160X/update/datafile_extracted/ramdisk_fs/usr/lib/xtables/libxt_ipcomp.so
/home/danielsokil/Lab/HashSource/hashsource_antminer_Lx/bitmain_firmware/Antminer-L9-merge-release-20250210032929/Antminer L9/AMLCtrl_BSL4160X/update/datafile_extracted/ramdisk_fs/usr/lib/xtables/libxt_iprange.so
/home/danielsokil/Lab/HashSource/hashsource_antminer_Lx/bitmain_firmware/Antminer-L9-merge-release-20250210032929/Antminer L9/AMLCtrl_BSL4160X/update/datafile_extracted/ramdisk_fs/usr/lib/xtables/libxt_ipvs.so
/home/danielsokil/Lab/HashSource/hashsource_antminer_Lx/bitmain_firmware/Antminer-L9-merge-release-20250210032929/Antminer L9/AMLCtrl_BSL4160X/update/datafile_extracted/ramdisk_fs/usr/lib/xtables/libxt_length.so
/home/danielsokil/Lab/HashSource/hashsource_antminer_Lx/bitmain_firmware/Antminer-L9-merge-release-20250210032929/Antminer L9/AMLCtrl_BSL4160X/update/datafile_extracted/ramdisk_fs/usr/lib/xtables/libxt_limit.so
/home/danielsokil/Lab/HashSource/hashsource_antminer_Lx/bitmain_firmware/Antminer-L9-merge-release-20250210032929/Antminer L9/AMLCtrl_BSL4160X/update/datafile_extracted/ramdisk_fs/usr/lib/xtables/libxt_mac.so
/home/danielsokil/Lab/HashSource/hashsource_antminer_Lx/bitmain_firmware/Antminer-L9-merge-release-20250210032929/Antminer L9/AMLCtrl_BSL4160X/update/datafile_extracted/ramdisk_fs/usr/lib/xtables/libxt_mark.so
/home/danielsokil/Lab/HashSource/hashsource_antminer_Lx/bitmain_firmware/Antminer-L9-merge-release-20250210032929/Antminer L9/AMLCtrl_BSL4160X/update/datafile_extracted/ramdisk_fs/usr/lib/xtables/libxt_multiport.so
/home/danielsokil/Lab/HashSource/hashsource_antminer_Lx/bitmain_firmware/Antminer-L9-merge-release-20250210032929/Antminer L9/AMLCtrl_BSL4160X/update/datafile_extracted/ramdisk_fs/usr/lib/xtables/libxt_nfacct.so
/home/danielsokil/Lab/HashSource/hashsource_antminer_Lx/bitmain_firmware/Antminer-L9-merge-release-20250210032929/Antminer L9/AMLCtrl_BSL4160X/update/datafile_extracted/ramdisk_fs/usr/lib/xtables/libxt_osf.so
/home/danielsokil/Lab/HashSource/hashsource_antminer_Lx/bitmain_firmware/Antminer-L9-merge-release-20250210032929/Antminer L9/AMLCtrl_BSL4160X/update/datafile_extracted/ramdisk_fs/usr/lib/xtables/libxt_owner.so
/home/danielsokil/Lab/HashSource/hashsource_antminer_Lx/bitmain_firmware/Antminer-L9-merge-release-20250210032929/Antminer L9/AMLCtrl_BSL4160X/update/datafile_extracted/ramdisk_fs/usr/lib/xtables/libxt_physdev.so
/home/danielsokil/Lab/HashSource/hashsource_antminer_Lx/bitmain_firmware/Antminer-L9-merge-release-20250210032929/Antminer L9/AMLCtrl_BSL4160X/update/datafile_extracted/ramdisk_fs/usr/lib/xtables/libxt_pkttype.so
/home/danielsokil/Lab/HashSource/hashsource_antminer_Lx/bitmain_firmware/Antminer-L9-merge-release-20250210032929/Antminer L9/AMLCtrl_BSL4160X/update/datafile_extracted/ramdisk_fs/usr/lib/xtables/libxt_policy.so
/home/danielsokil/Lab/HashSource/hashsource_antminer_Lx/bitmain_firmware/Antminer-L9-merge-release-20250210032929/Antminer L9/AMLCtrl_BSL4160X/update/datafile_extracted/ramdisk_fs/usr/lib/xtables/libxt_quota.so
/home/danielsokil/Lab/HashSource/hashsource_antminer_Lx/bitmain_firmware/Antminer-L9-merge-release-20250210032929/Antminer L9/AMLCtrl_BSL4160X/update/datafile_extracted/ramdisk_fs/usr/lib/xtables/libxt_rateest.so
/home/danielsokil/Lab/HashSource/hashsource_antminer_Lx/bitmain_firmware/Antminer-L9-merge-release-20250210032929/Antminer L9/AMLCtrl_BSL4160X/update/datafile_extracted/ramdisk_fs/usr/lib/xtables/libxt_recent.so
/home/danielsokil/Lab/HashSource/hashsource_antminer_Lx/bitmain_firmware/Antminer-L9-merge-release-20250210032929/Antminer L9/AMLCtrl_BSL4160X/update/datafile_extracted/ramdisk_fs/usr/lib/xtables/libxt_rpfilter.so
/home/danielsokil/Lab/HashSource/hashsource_antminer_Lx/bitmain_firmware/Antminer-L9-merge-release-20250210032929/Antminer L9/AMLCtrl_BSL4160X/update/datafile_extracted/ramdisk_fs/usr/lib/xtables/libxt_sctp.so
/home/danielsokil/Lab/HashSource/hashsource_antminer_Lx/bitmain_firmware/Antminer-L9-merge-release-20250210032929/Antminer L9/AMLCtrl_BSL4160X/update/datafile_extracted/ramdisk_fs/usr/lib/xtables/libxt_set.so
/home/danielsokil/Lab/HashSource/hashsource_antminer_Lx/bitmain_firmware/Antminer-L9-merge-release-20250210032929/Antminer L9/AMLCtrl_BSL4160X/update/datafile_extracted/ramdisk_fs/usr/lib/xtables/libxt_socket.so
/home/danielsokil/Lab/HashSource/hashsource_antminer_Lx/bitmain_firmware/Antminer-L9-merge-release-20250210032929/Antminer L9/AMLCtrl_BSL4160X/update/datafile_extracted/ramdisk_fs/usr/lib/xtables/libxt_standard.so
/home/danielsokil/Lab/HashSource/hashsource_antminer_Lx/bitmain_firmware/Antminer-L9-merge-release-20250210032929/Antminer L9/AMLCtrl_BSL4160X/update/datafile_extracted/ramdisk_fs/usr/lib/xtables/libxt_statistic.so
/home/danielsokil/Lab/HashSource/hashsource_antminer_Lx/bitmain_firmware/Antminer-L9-merge-release-20250210032929/Antminer L9/AMLCtrl_BSL4160X/update/datafile_extracted/ramdisk_fs/usr/lib/xtables/libxt_string.so
/home/danielsokil/Lab/HashSource/hashsource_antminer_Lx/bitmain_firmware/Antminer-L9-merge-release-20250210032929/Antminer L9/AMLCtrl_BSL4160X/update/datafile_extracted/ramdisk_fs/usr/lib/xtables/libxt_tcp.so
/home/danielsokil/Lab/HashSource/hashsource_antminer_Lx/bitmain_firmware/Antminer-L9-merge-release-20250210032929/Antminer L9/AMLCtrl_BSL4160X/update/datafile_extracted/ramdisk_fs/usr/lib/xtables/libxt_tcpmss.so
/home/danielsokil/Lab/HashSource/hashsource_antminer_Lx/bitmain_firmware/Antminer-L9-merge-release-20250210032929/Antminer L9/AMLCtrl_BSL4160X/update/datafile_extracted/ramdisk_fs/usr/lib/xtables/libxt_time.so
/home/danielsokil/Lab/HashSource/hashsource_antminer_Lx/bitmain_firmware/Antminer-L9-merge-release-20250210032929/Antminer L9/AMLCtrl_BSL4160X/update/datafile_extracted/ramdisk_fs/usr/lib/xtables/libxt_tos.so
/home/danielsokil/Lab/HashSource/hashsource_antminer_Lx/bitmain_firmware/Antminer-L9-merge-release-20250210032929/Antminer L9/AMLCtrl_BSL4160X/update/datafile_extracted/ramdisk_fs/usr/lib/xtables/libxt_u32.so
/home/danielsokil/Lab/HashSource/hashsource_antminer_Lx/bitmain_firmware/Antminer-L9-merge-release-20250210032929/Antminer L9/AMLCtrl_BSL4160X/update/datafile_extracted/ramdisk_fs/usr/lib/xtables/libxt_udp.so
/home/danielsokil/Lab/HashSource/hashsource_antminer_Lx/bitmain_firmware/Antminer-L9-merge-release-20250210032929/Antminer L9/AMLCtrl_BSL4160X/update/datafile_extracted/ramdisk_fs/usr/libexec/sudo/group_file.so
/home/danielsokil/Lab/HashSource/hashsource_antminer_Lx/bitmain_firmware/Antminer-L9-merge-release-20250210032929/Antminer L9/AMLCtrl_BSL4160X/update/datafile_extracted/ramdisk_fs/usr/libexec/sudo/libsudo_util.so.0.0.0
/home/danielsokil/Lab/HashSource/hashsource_antminer_Lx/bitmain_firmware/Antminer-L9-merge-release-20250210032929/Antminer L9/AMLCtrl_BSL4160X/update/datafile_extracted/ramdisk_fs/usr/libexec/sudo/sudo_noexec.so
/home/danielsokil/Lab/HashSource/hashsource_antminer_Lx/bitmain_firmware/Antminer-L9-merge-release-20250210032929/Antminer L9/AMLCtrl_BSL4160X/update/datafile_extracted/ramdisk_fs/usr/libexec/sudo/sudoers.so
/home/danielsokil/Lab/HashSource/hashsource_antminer_Lx/bitmain_firmware/Antminer-L9-merge-release-20250210032929/Antminer L9/AMLCtrl_BSL4160X/update/datafile_extracted/ramdisk_fs/usr/libexec/sudo/system_group.so
/home/danielsokil/Lab/HashSource/hashsource_antminer_Lx/bitmain_firmware/Antminer-L9-merge-release-20250210032929/Antminer L9/AMLCtrl_BSL4160X/update/datafile_extracted/ramdisk_fs/usr/sbin/agate
/home/danielsokil/Lab/HashSource/hashsource_antminer_Lx/bitmain_firmware/Antminer-L9-merge-release-20250210032929/Antminer L9/AMLCtrl_BSL4160X/update/datafile_extracted/ramdisk_fs/usr/sbin/antlogin
/home/danielsokil/Lab/HashSource/hashsource_antminer_Lx/bitmain_firmware/Antminer-L9-merge-release-20250210032929/Antminer L9/AMLCtrl_BSL4160X/update/datafile_extracted/ramdisk_fs/usr/sbin/avahi-autoipd
/home/danielsokil/Lab/HashSource/hashsource_antminer_Lx/bitmain_firmware/Antminer-L9-merge-release-20250210032929/Antminer L9/AMLCtrl_BSL4160X/update/datafile_extracted/ramdisk_fs/usr/sbin/avahi-daemon
/home/danielsokil/Lab/HashSource/hashsource_antminer_Lx/bitmain_firmware/Antminer-L9-merge-release-20250210032929/Antminer L9/AMLCtrl_BSL4160X/update/datafile_extracted/ramdisk_fs/usr/sbin/avahi-dnsconfd
/home/danielsokil/Lab/HashSource/hashsource_antminer_Lx/bitmain_firmware/Antminer-L9-merge-release-20250210032929/Antminer L9/AMLCtrl_BSL4160X/update/datafile_extracted/ramdisk_fs/usr/sbin/dropbear
/home/danielsokil/Lab/HashSource/hashsource_antminer_Lx/bitmain_firmware/Antminer-L9-merge-release-20250210032929/Antminer L9/AMLCtrl_BSL4160X/update/datafile_extracted/ramdisk_fs/usr/sbin/eeprog
/home/danielsokil/Lab/HashSource/hashsource_antminer_Lx/bitmain_firmware/Antminer-L9-merge-release-20250210032929/Antminer L9/AMLCtrl_BSL4160X/update/datafile_extracted/ramdisk_fs/usr/sbin/flash_erase
/home/danielsokil/Lab/HashSource/hashsource_antminer_Lx/bitmain_firmware/Antminer-L9-merge-release-20250210032929/Antminer L9/AMLCtrl_BSL4160X/update/datafile_extracted/ramdisk_fs/usr/sbin/i2cdetect
/home/danielsokil/Lab/HashSource/hashsource_antminer_Lx/bitmain_firmware/Antminer-L9-merge-release-20250210032929/Antminer L9/AMLCtrl_BSL4160X/update/datafile_extracted/ramdisk_fs/usr/sbin/i2cdump
/home/danielsokil/Lab/HashSource/hashsource_antminer_Lx/bitmain_firmware/Antminer-L9-merge-release-20250210032929/Antminer L9/AMLCtrl_BSL4160X/update/datafile_extracted/ramdisk_fs/usr/sbin/i2cget
/home/danielsokil/Lab/HashSource/hashsource_antminer_Lx/bitmain_firmware/Antminer-L9-merge-release-20250210032929/Antminer L9/AMLCtrl_BSL4160X/update/datafile_extracted/ramdisk_fs/usr/sbin/i2cset
/home/danielsokil/Lab/HashSource/hashsource_antminer_Lx/bitmain_firmware/Antminer-L9-merge-release-20250210032929/Antminer L9/AMLCtrl_BSL4160X/update/datafile_extracted/ramdisk_fs/usr/sbin/i2ctransfer
/home/danielsokil/Lab/HashSource/hashsource_antminer_Lx/bitmain_firmware/Antminer-L9-merge-release-20250210032929/Antminer L9/AMLCtrl_BSL4160X/update/datafile_extracted/ramdisk_fs/usr/sbin/lighttpd
/home/danielsokil/Lab/HashSource/hashsource_antminer_Lx/bitmain_firmware/Antminer-L9-merge-release-20250210032929/Antminer L9/AMLCtrl_BSL4160X/update/datafile_extracted/ramdisk_fs/usr/sbin/lighttpd-angel
/home/danielsokil/Lab/HashSource/hashsource_antminer_Lx/bitmain_firmware/Antminer-L9-merge-release-20250210032929/Antminer L9/AMLCtrl_BSL4160X/update/datafile_extracted/ramdisk_fs/usr/sbin/mtdinfo
/home/danielsokil/Lab/HashSource/hashsource_antminer_Lx/bitmain_firmware/Antminer-L9-merge-release-20250210032929/Antminer L9/AMLCtrl_BSL4160X/update/datafile_extracted/ramdisk_fs/usr/sbin/nanddump
/home/danielsokil/Lab/HashSource/hashsource_antminer_Lx/bitmain_firmware/Antminer-L9-merge-release-20250210032929/Antminer L9/AMLCtrl_BSL4160X/update/datafile_extracted/ramdisk_fs/usr/sbin/nandwrite
/home/danielsokil/Lab/HashSource/hashsource_antminer_Lx/bitmain_firmware/Antminer-L9-merge-release-20250210032929/Antminer L9/AMLCtrl_BSL4160X/update/datafile_extracted/ramdisk_fs/usr/sbin/ntpd
/home/danielsokil/Lab/HashSource/hashsource_antminer_Lx/bitmain_firmware/Antminer-L9-merge-release-20250210032929/Antminer L9/AMLCtrl_BSL4160X/update/datafile_extracted/ramdisk_fs/usr/sbin/ubiattach
/home/danielsokil/Lab/HashSource/hashsource_antminer_Lx/bitmain_firmware/Antminer-L9-merge-release-20250210032929/Antminer L9/AMLCtrl_BSL4160X/update/datafile_extracted/ramdisk_fs/usr/sbin/ubidetach
/home/danielsokil/Lab/HashSource/hashsource_antminer_Lx/bitmain_firmware/Antminer-L9-merge-release-20250210032929/Antminer L9/AMLCtrl_BSL4160X/update/datafile_extracted/ramdisk_fs/usr/sbin/ubiformat
/home/danielsokil/Lab/HashSource/hashsource_antminer_Lx/bitmain_firmware/Antminer-L9-merge-release-20250210032929/Antminer L9/AMLCtrl_BSL4160X/update/datafile_extracted/ramdisk_fs/usr/sbin/ubimkvol
/home/danielsokil/Lab/HashSource/hashsource_antminer_Lx/bitmain_firmware/Antminer-L9-merge-release-20250210032929/Antminer L9/AMLCtrl_BSL4160X/update/datafile_extracted/ramdisk_fs/usr/sbin/ubinfo
/home/danielsokil/Lab/HashSource/hashsource_antminer_Lx/bitmain_firmware/Antminer-L9-merge-release-20250210032929/Antminer L9/AMLCtrl_BSL4160X/update/datafile_extracted/ramdisk_fs/usr/sbin/ubirmvol
/home/danielsokil/Lab/HashSource/hashsource_antminer_Lx/bitmain_firmware/Antminer-L9-merge-release-20250210032929/Antminer L9/AMLCtrl_BSL4160X/update/datafile_extracted/ramdisk_fs/usr/sbin/update-daemon
/home/danielsokil/Lab/HashSource/hashsource_antminer_Lx/bitmain_firmware/Antminer-L9-merge-release-20250210032929/Antminer L9/AMLCtrl_BSL4160X/update/datafile_extracted/ramdisk_fs/usr/sbin/visudo
/home/danielsokil/Lab/HashSource/hashsource_antminer_Lx/bitmain_firmware/Antminer-L9-merge-release-20250210032929/Antminer L9/AMLCtrl_BSL4160X/update/datafile_extracted/ramdisk_fs/usr/sbin/xtables-legacy-multi
/home/danielsokil/Lab/HashSource/hashsource_antminer_Lx/bitmain_firmware/Antminer-L9-merge-release-20250210032929/Antminer L9/CVCtrl_L9/update/BOOT.bin_extract/gzip.uncompressed_extract/bin/busybox
/home/danielsokil/Lab/HashSource/hashsource_antminer_Lx/bitmain_firmware/Antminer-L9-merge-release-20250210032929/Antminer L9/CVCtrl_L9/update/BOOT.bin_extract/gzip.uncompressed_extract/usr/bin/cgminer-api
/home/danielsokil/Lab/HashSource/hashsource_antminer_Lx/bitmain_firmware/Antminer-L9-merge-release-20250210032929/Antminer L9/CVCtrl_L9/update/BOOT.bin_extract/gzip.uncompressed_extract/usr/bin/godminer
/home/danielsokil/Lab/HashSource/hashsource_antminer_Lx/bitmain_firmware/Antminer-L9-merge-release-20250210032929/Antminer L9/CVCtrl_L9/update/BOOT.bin_extract/gzip.uncompressed_extract/usr/bin/monitor-ipsig
/home/danielsokil/Lab/HashSource/hashsource_antminer_Lx/bitmain_firmware/Antminer-L9-merge-release-20250210032929/Antminer L9/CVCtrl_L9/update/BOOT.bin_extract/gzip.uncompressed_extract/usr/bin/monitor-recobtn
/home/danielsokil/Lab/HashSource/hashsource_antminer_Lx/bitmain_firmware/Antminer-L9-merge-release-20250210032929/Antminer L9/CVCtrl_L9/update/BOOT.bin_extract/gzip.uncompressed_extract/usr/bin/ntpdate
/home/danielsokil/Lab/HashSource/hashsource_antminer_Lx/bitmain_firmware/Antminer-L9-merge-release-20250210032929/Antminer L9/CVCtrl_L9/update/BOOT.bin_extract/gzip.uncompressed_extract/usr/lib/libcrypto.so.1.1
/home/danielsokil/Lab/HashSource/hashsource_antminer_Lx/bitmain_firmware/Antminer-L9-merge-release-20250210032929/Antminer L9/CVCtrl_L9/update/BOOT.bin_extract/gzip.uncompressed_extract/usr/sbin/lighttpd
/home/danielsokil/Lab/HashSource/hashsource_antminer_Lx/bitmain_firmware/Antminer-L9-merge-release-20250210032929/Antminer L9/CVCtrl_L9/update/BOOT.bin_extract/gzip.uncompressed_extract/usr/sbin/ntpd
/home/danielsokil/Lab/HashSource/hashsource_antminer_Lx/bitmain_firmware/FR-1.29(251029-U2L9H)/datafile_extracted/ramdisk_fs/bin/busybox
/home/danielsokil/Lab/HashSource/hashsource_antminer_Lx/bitmain_firmware/FR-1.29(251029-U2L9H)/datafile_extracted/ramdisk_fs/sbin/halt
/home/danielsokil/Lab/HashSource/hashsource_antminer_Lx/bitmain_firmware/FR-1.29(251029-U2L9H)/datafile_extracted/ramdisk_fs/sbin/init
/home/danielsokil/Lab/HashSource/hashsource_antminer_Lx/bitmain_firmware/FR-1.29(251029-U2L9H)/datafile_extracted/ramdisk_fs/sbin/killall5
/home/danielsokil/Lab/HashSource/hashsource_antminer_Lx/bitmain_firmware/FR-1.29(251029-U2L9H)/datafile_extracted/ramdisk_fs/sbin/shutdown
/home/danielsokil/Lab/HashSource/hashsource_antminer_Lx/bitmain_firmware/FR-1.29(251029-U2L9H)/datafile_extracted/ramdisk_fs/usr/bin/FileParser
/home/danielsokil/Lab/HashSource/hashsource_antminer_Lx/bitmain_firmware/FR-1.29(251029-U2L9H)/datafile_extracted/ramdisk_fs/usr/bin/cgminer-api
/home/danielsokil/Lab/HashSource/hashsource_antminer_Lx/bitmain_firmware/FR-1.29(251029-U2L9H)/datafile_extracted/ramdisk_fs/usr/bin/cvtsudoers
/home/danielsokil/Lab/HashSource/hashsource_antminer_Lx/bitmain_firmware/FR-1.29(251029-U2L9H)/datafile_extracted/ramdisk_fs/usr/bin/godminer
/home/danielsokil/Lab/HashSource/hashsource_antminer_Lx/bitmain_firmware/FR-1.29(251029-U2L9H)/datafile_extracted/ramdisk_fs/usr/bin/jq
/home/danielsokil/Lab/HashSource/hashsource_antminer_Lx/bitmain_firmware/FR-1.29(251029-U2L9H)/datafile_extracted/ramdisk_fs/usr/bin/kmod
/home/danielsokil/Lab/HashSource/hashsource_antminer_Lx/bitmain_firmware/FR-1.29(251029-U2L9H)/datafile_extracted/ramdisk_fs/usr/bin/monitor-ipsig
/home/danielsokil/Lab/HashSource/hashsource_antminer_Lx/bitmain_firmware/FR-1.29(251029-U2L9H)/datafile_extracted/ramdisk_fs/usr/bin/monitor-recobtn
/home/danielsokil/Lab/HashSource/hashsource_antminer_Lx/bitmain_firmware/FR-1.29(251029-U2L9H)/datafile_extracted/ramdisk_fs/usr/bin/ntpdate
/home/danielsokil/Lab/HashSource/hashsource_antminer_Lx/bitmain_firmware/FR-1.29(251029-U2L9H)/datafile_extracted/ramdisk_fs/usr/bin/openssl
/home/danielsokil/Lab/HashSource/hashsource_antminer_Lx/bitmain_firmware/FR-1.29(251029-U2L9H)/datafile_extracted/ramdisk_fs/usr/bin/pcregrep
/home/danielsokil/Lab/HashSource/hashsource_antminer_Lx/bitmain_firmware/FR-1.29(251029-U2L9H)/datafile_extracted/ramdisk_fs/usr/bin/pcretest
/home/danielsokil/Lab/HashSource/hashsource_antminer_Lx/bitmain_firmware/FR-1.29(251029-U2L9H)/datafile_extracted/ramdisk_fs/usr/bin/sudo
/home/danielsokil/Lab/HashSource/hashsource_antminer_Lx/bitmain_firmware/FR-1.29(251029-U2L9H)/datafile_extracted/ramdisk_fs/usr/bin/sudoreplay
/home/danielsokil/Lab/HashSource/hashsource_antminer_Lx/bitmain_firmware/FR-1.29(251029-U2L9H)/datafile_extracted/ramdisk_fs/usr/bin/xmlwf
/home/danielsokil/Lab/HashSource/hashsource_antminer_Lx/bitmain_firmware/FR-1.29(251029-U2L9H)/datafile_extracted/ramdisk_fs/usr/lib/libaio.so.1.0.1
/home/danielsokil/Lab/HashSource/hashsource_antminer_Lx/bitmain_firmware/FR-1.29(251029-U2L9H)/datafile_extracted/ramdisk_fs/usr/lib/libavahi-common.so.3.5.3
/home/danielsokil/Lab/HashSource/hashsource_antminer_Lx/bitmain_firmware/FR-1.29(251029-U2L9H)/datafile_extracted/ramdisk_fs/usr/lib/libavahi-core.so.7.0.2
/home/danielsokil/Lab/HashSource/hashsource_antminer_Lx/bitmain_firmware/FR-1.29(251029-U2L9H)/datafile_extracted/ramdisk_fs/usr/lib/libcrypto.so.1.1
/home/danielsokil/Lab/HashSource/hashsource_antminer_Lx/bitmain_firmware/FR-1.29(251029-U2L9H)/datafile_extracted/ramdisk_fs/usr/lib/libdaemon.so.0.5.0
/home/danielsokil/Lab/HashSource/hashsource_antminer_Lx/bitmain_firmware/FR-1.29(251029-U2L9H)/datafile_extracted/ramdisk_fs/usr/lib/libevent-2.1.so.6.0.2
/home/danielsokil/Lab/HashSource/hashsource_antminer_Lx/bitmain_firmware/FR-1.29(251029-U2L9H)/datafile_extracted/ramdisk_fs/usr/lib/libevent_core-2.1.so.6.0.2
/home/danielsokil/Lab/HashSource/hashsource_antminer_Lx/bitmain_firmware/FR-1.29(251029-U2L9H)/datafile_extracted/ramdisk_fs/usr/lib/libevent_extra-2.1.so.6.0.2
/home/danielsokil/Lab/HashSource/hashsource_antminer_Lx/bitmain_firmware/FR-1.29(251029-U2L9H)/datafile_extracted/ramdisk_fs/usr/lib/libevent_openssl-2.1.so.6.0.2
/home/danielsokil/Lab/HashSource/hashsource_antminer_Lx/bitmain_firmware/FR-1.29(251029-U2L9H)/datafile_extracted/ramdisk_fs/usr/lib/libevent_pthreads-2.1.so.6.0.2
/home/danielsokil/Lab/HashSource/hashsource_antminer_Lx/bitmain_firmware/FR-1.29(251029-U2L9H)/datafile_extracted/ramdisk_fs/usr/lib/libexpat.so.1.6.10
/home/danielsokil/Lab/HashSource/hashsource_antminer_Lx/bitmain_firmware/FR-1.29(251029-U2L9H)/datafile_extracted/ramdisk_fs/usr/lib/libi2c.so.0.1.1
/home/danielsokil/Lab/HashSource/hashsource_antminer_Lx/bitmain_firmware/FR-1.29(251029-U2L9H)/datafile_extracted/ramdisk_fs/usr/lib/libip4tc.so.2.0.0
/home/danielsokil/Lab/HashSource/hashsource_antminer_Lx/bitmain_firmware/FR-1.29(251029-U2L9H)/datafile_extracted/ramdisk_fs/usr/lib/libip6tc.so.2.0.0
/home/danielsokil/Lab/HashSource/hashsource_antminer_Lx/bitmain_firmware/FR-1.29(251029-U2L9H)/datafile_extracted/ramdisk_fs/usr/lib/libiptc.so.0.0.0
/home/danielsokil/Lab/HashSource/hashsource_antminer_Lx/bitmain_firmware/FR-1.29(251029-U2L9H)/datafile_extracted/ramdisk_fs/usr/lib/libkmod.so.2.3.3
/home/danielsokil/Lab/HashSource/hashsource_antminer_Lx/bitmain_firmware/FR-1.29(251029-U2L9H)/datafile_extracted/ramdisk_fs/usr/lib/libpcre.so.1.2.10
/home/danielsokil/Lab/HashSource/hashsource_antminer_Lx/bitmain_firmware/FR-1.29(251029-U2L9H)/datafile_extracted/ramdisk_fs/usr/lib/libpcrecpp.so.0.0.1
/home/danielsokil/Lab/HashSource/hashsource_antminer_Lx/bitmain_firmware/FR-1.29(251029-U2L9H)/datafile_extracted/ramdisk_fs/usr/lib/libpcreposix.so.0.0.6
/home/danielsokil/Lab/HashSource/hashsource_antminer_Lx/bitmain_firmware/FR-1.29(251029-U2L9H)/datafile_extracted/ramdisk_fs/usr/lib/libssl.so.1.1
/home/danielsokil/Lab/HashSource/hashsource_antminer_Lx/bitmain_firmware/FR-1.29(251029-U2L9H)/datafile_extracted/ramdisk_fs/usr/lib/libxtables.so.12.2.0
/home/danielsokil/Lab/HashSource/hashsource_antminer_Lx/bitmain_firmware/FR-1.29(251029-U2L9H)/datafile_extracted/ramdisk_fs/usr/lib/libz.so.1.2.11
/home/danielsokil/Lab/HashSource/hashsource_antminer_Lx/bitmain_firmware/FR-1.29(251029-U2L9H)/datafile_extracted/ramdisk_fs/usr/lib/lighttpd/mod_access.so
/home/danielsokil/Lab/HashSource/hashsource_antminer_Lx/bitmain_firmware/FR-1.29(251029-U2L9H)/datafile_extracted/ramdisk_fs/usr/lib/lighttpd/mod_accesslog.so
/home/danielsokil/Lab/HashSource/hashsource_antminer_Lx/bitmain_firmware/FR-1.29(251029-U2L9H)/datafile_extracted/ramdisk_fs/usr/lib/lighttpd/mod_alias.so
/home/danielsokil/Lab/HashSource/hashsource_antminer_Lx/bitmain_firmware/FR-1.29(251029-U2L9H)/datafile_extracted/ramdisk_fs/usr/lib/lighttpd/mod_auth.so
/home/danielsokil/Lab/HashSource/hashsource_antminer_Lx/bitmain_firmware/FR-1.29(251029-U2L9H)/datafile_extracted/ramdisk_fs/usr/lib/lighttpd/mod_cgi.so
/home/danielsokil/Lab/HashSource/hashsource_antminer_Lx/bitmain_firmware/FR-1.29(251029-U2L9H)/datafile_extracted/ramdisk_fs/usr/lib/lighttpd/mod_cml.so
/home/danielsokil/Lab/HashSource/hashsource_antminer_Lx/bitmain_firmware/FR-1.29(251029-U2L9H)/datafile_extracted/ramdisk_fs/usr/lib/lighttpd/mod_compress.so
/home/danielsokil/Lab/HashSource/hashsource_antminer_Lx/bitmain_firmware/FR-1.29(251029-U2L9H)/datafile_extracted/ramdisk_fs/usr/lib/lighttpd/mod_dirlisting.so
/home/danielsokil/Lab/HashSource/hashsource_antminer_Lx/bitmain_firmware/FR-1.29(251029-U2L9H)/datafile_extracted/ramdisk_fs/usr/lib/lighttpd/mod_evasive.so
/home/danielsokil/Lab/HashSource/hashsource_antminer_Lx/bitmain_firmware/FR-1.29(251029-U2L9H)/datafile_extracted/ramdisk_fs/usr/lib/lighttpd/mod_evhost.so
/home/danielsokil/Lab/HashSource/hashsource_antminer_Lx/bitmain_firmware/FR-1.29(251029-U2L9H)/datafile_extracted/ramdisk_fs/usr/lib/lighttpd/mod_expire.so
/home/danielsokil/Lab/HashSource/hashsource_antminer_Lx/bitmain_firmware/FR-1.29(251029-U2L9H)/datafile_extracted/ramdisk_fs/usr/lib/lighttpd/mod_extforward.so
/home/danielsokil/Lab/HashSource/hashsource_antminer_Lx/bitmain_firmware/FR-1.29(251029-U2L9H)/datafile_extracted/ramdisk_fs/usr/lib/lighttpd/mod_fastcgi.so
/home/danielsokil/Lab/HashSource/hashsource_antminer_Lx/bitmain_firmware/FR-1.29(251029-U2L9H)/datafile_extracted/ramdisk_fs/usr/lib/lighttpd/mod_flv_streaming.so
/home/danielsokil/Lab/HashSource/hashsource_antminer_Lx/bitmain_firmware/FR-1.29(251029-U2L9H)/datafile_extracted/ramdisk_fs/usr/lib/lighttpd/mod_indexfile.so
/home/danielsokil/Lab/HashSource/hashsource_antminer_Lx/bitmain_firmware/FR-1.29(251029-U2L9H)/datafile_extracted/ramdisk_fs/usr/lib/lighttpd/mod_magnet.so
/home/danielsokil/Lab/HashSource/hashsource_antminer_Lx/bitmain_firmware/FR-1.29(251029-U2L9H)/datafile_extracted/ramdisk_fs/usr/lib/lighttpd/mod_mysql_vhost.so
/home/danielsokil/Lab/HashSource/hashsource_antminer_Lx/bitmain_firmware/FR-1.29(251029-U2L9H)/datafile_extracted/ramdisk_fs/usr/lib/lighttpd/mod_proxy.so
/home/danielsokil/Lab/HashSource/hashsource_antminer_Lx/bitmain_firmware/FR-1.29(251029-U2L9H)/datafile_extracted/ramdisk_fs/usr/lib/lighttpd/mod_redirect.so
/home/danielsokil/Lab/HashSource/hashsource_antminer_Lx/bitmain_firmware/FR-1.29(251029-U2L9H)/datafile_extracted/ramdisk_fs/usr/lib/lighttpd/mod_rewrite.so
/home/danielsokil/Lab/HashSource/hashsource_antminer_Lx/bitmain_firmware/FR-1.29(251029-U2L9H)/datafile_extracted/ramdisk_fs/usr/lib/lighttpd/mod_rrdtool.so
/home/danielsokil/Lab/HashSource/hashsource_antminer_Lx/bitmain_firmware/FR-1.29(251029-U2L9H)/datafile_extracted/ramdisk_fs/usr/lib/lighttpd/mod_scgi.so
/home/danielsokil/Lab/HashSource/hashsource_antminer_Lx/bitmain_firmware/FR-1.29(251029-U2L9H)/datafile_extracted/ramdisk_fs/usr/lib/lighttpd/mod_secdownload.so
/home/danielsokil/Lab/HashSource/hashsource_antminer_Lx/bitmain_firmware/FR-1.29(251029-U2L9H)/datafile_extracted/ramdisk_fs/usr/lib/lighttpd/mod_setenv.so
/home/danielsokil/Lab/HashSource/hashsource_antminer_Lx/bitmain_firmware/FR-1.29(251029-U2L9H)/datafile_extracted/ramdisk_fs/usr/lib/lighttpd/mod_simple_vhost.so
/home/danielsokil/Lab/HashSource/hashsource_antminer_Lx/bitmain_firmware/FR-1.29(251029-U2L9H)/datafile_extracted/ramdisk_fs/usr/lib/lighttpd/mod_ssi.so
/home/danielsokil/Lab/HashSource/hashsource_antminer_Lx/bitmain_firmware/FR-1.29(251029-U2L9H)/datafile_extracted/ramdisk_fs/usr/lib/lighttpd/mod_staticfile.so
/home/danielsokil/Lab/HashSource/hashsource_antminer_Lx/bitmain_firmware/FR-1.29(251029-U2L9H)/datafile_extracted/ramdisk_fs/usr/lib/lighttpd/mod_status.so
/home/danielsokil/Lab/HashSource/hashsource_antminer_Lx/bitmain_firmware/FR-1.29(251029-U2L9H)/datafile_extracted/ramdisk_fs/usr/lib/lighttpd/mod_trigger_b4_dl.so
/home/danielsokil/Lab/HashSource/hashsource_antminer_Lx/bitmain_firmware/FR-1.29(251029-U2L9H)/datafile_extracted/ramdisk_fs/usr/lib/lighttpd/mod_userdir.so
/home/danielsokil/Lab/HashSource/hashsource_antminer_Lx/bitmain_firmware/FR-1.29(251029-U2L9H)/datafile_extracted/ramdisk_fs/usr/lib/lighttpd/mod_usertrack.so
/home/danielsokil/Lab/HashSource/hashsource_antminer_Lx/bitmain_firmware/FR-1.29(251029-U2L9H)/datafile_extracted/ramdisk_fs/usr/lib/lighttpd/mod_webdav.so
/home/danielsokil/Lab/HashSource/hashsource_antminer_Lx/bitmain_firmware/FR-1.29(251029-U2L9H)/datafile_extracted/ramdisk_fs/usr/lib/xtables/libip6t_DNAT.so
/home/danielsokil/Lab/HashSource/hashsource_antminer_Lx/bitmain_firmware/FR-1.29(251029-U2L9H)/datafile_extracted/ramdisk_fs/usr/lib/xtables/libip6t_DNPT.so
/home/danielsokil/Lab/HashSource/hashsource_antminer_Lx/bitmain_firmware/FR-1.29(251029-U2L9H)/datafile_extracted/ramdisk_fs/usr/lib/xtables/libip6t_HL.so
/home/danielsokil/Lab/HashSource/hashsource_antminer_Lx/bitmain_firmware/FR-1.29(251029-U2L9H)/datafile_extracted/ramdisk_fs/usr/lib/xtables/libip6t_LOG.so
/home/danielsokil/Lab/HashSource/hashsource_antminer_Lx/bitmain_firmware/FR-1.29(251029-U2L9H)/datafile_extracted/ramdisk_fs/usr/lib/xtables/libip6t_MASQUERADE.so
/home/danielsokil/Lab/HashSource/hashsource_antminer_Lx/bitmain_firmware/FR-1.29(251029-U2L9H)/datafile_extracted/ramdisk_fs/usr/lib/xtables/libip6t_NETMAP.so
/home/danielsokil/Lab/HashSource/hashsource_antminer_Lx/bitmain_firmware/FR-1.29(251029-U2L9H)/datafile_extracted/ramdisk_fs/usr/lib/xtables/libip6t_REDIRECT.so
/home/danielsokil/Lab/HashSource/hashsource_antminer_Lx/bitmain_firmware/FR-1.29(251029-U2L9H)/datafile_extracted/ramdisk_fs/usr/lib/xtables/libip6t_REJECT.so
/home/danielsokil/Lab/HashSource/hashsource_antminer_Lx/bitmain_firmware/FR-1.29(251029-U2L9H)/datafile_extracted/ramdisk_fs/usr/lib/xtables/libip6t_SNAT.so
/home/danielsokil/Lab/HashSource/hashsource_antminer_Lx/bitmain_firmware/FR-1.29(251029-U2L9H)/datafile_extracted/ramdisk_fs/usr/lib/xtables/libip6t_SNPT.so
/home/danielsokil/Lab/HashSource/hashsource_antminer_Lx/bitmain_firmware/FR-1.29(251029-U2L9H)/datafile_extracted/ramdisk_fs/usr/lib/xtables/libip6t_ah.so
/home/danielsokil/Lab/HashSource/hashsource_antminer_Lx/bitmain_firmware/FR-1.29(251029-U2L9H)/datafile_extracted/ramdisk_fs/usr/lib/xtables/libip6t_dst.so
/home/danielsokil/Lab/HashSource/hashsource_antminer_Lx/bitmain_firmware/FR-1.29(251029-U2L9H)/datafile_extracted/ramdisk_fs/usr/lib/xtables/libip6t_eui64.so
/home/danielsokil/Lab/HashSource/hashsource_antminer_Lx/bitmain_firmware/FR-1.29(251029-U2L9H)/datafile_extracted/ramdisk_fs/usr/lib/xtables/libip6t_frag.so
/home/danielsokil/Lab/HashSource/hashsource_antminer_Lx/bitmain_firmware/FR-1.29(251029-U2L9H)/datafile_extracted/ramdisk_fs/usr/lib/xtables/libip6t_hbh.so
/home/danielsokil/Lab/HashSource/hashsource_antminer_Lx/bitmain_firmware/FR-1.29(251029-U2L9H)/datafile_extracted/ramdisk_fs/usr/lib/xtables/libip6t_hl.so
/home/danielsokil/Lab/HashSource/hashsource_antminer_Lx/bitmain_firmware/FR-1.29(251029-U2L9H)/datafile_extracted/ramdisk_fs/usr/lib/xtables/libip6t_icmp6.so
/home/danielsokil/Lab/HashSource/hashsource_antminer_Lx/bitmain_firmware/FR-1.29(251029-U2L9H)/datafile_extracted/ramdisk_fs/usr/lib/xtables/libip6t_ipv6header.so
/home/danielsokil/Lab/HashSource/hashsource_antminer_Lx/bitmain_firmware/FR-1.29(251029-U2L9H)/datafile_extracted/ramdisk_fs/usr/lib/xtables/libip6t_mh.so
/home/danielsokil/Lab/HashSource/hashsource_antminer_Lx/bitmain_firmware/FR-1.29(251029-U2L9H)/datafile_extracted/ramdisk_fs/usr/lib/xtables/libip6t_rt.so
/home/danielsokil/Lab/HashSource/hashsource_antminer_Lx/bitmain_firmware/FR-1.29(251029-U2L9H)/datafile_extracted/ramdisk_fs/usr/lib/xtables/libip6t_srh.so
/home/danielsokil/Lab/HashSource/hashsource_antminer_Lx/bitmain_firmware/FR-1.29(251029-U2L9H)/datafile_extracted/ramdisk_fs/usr/lib/xtables/libipt_CLUSTERIP.so
/home/danielsokil/Lab/HashSource/hashsource_antminer_Lx/bitmain_firmware/FR-1.29(251029-U2L9H)/datafile_extracted/ramdisk_fs/usr/lib/xtables/libipt_DNAT.so
/home/danielsokil/Lab/HashSource/hashsource_antminer_Lx/bitmain_firmware/FR-1.29(251029-U2L9H)/datafile_extracted/ramdisk_fs/usr/lib/xtables/libipt_ECN.so
/home/danielsokil/Lab/HashSource/hashsource_antminer_Lx/bitmain_firmware/FR-1.29(251029-U2L9H)/datafile_extracted/ramdisk_fs/usr/lib/xtables/libipt_LOG.so
/home/danielsokil/Lab/HashSource/hashsource_antminer_Lx/bitmain_firmware/FR-1.29(251029-U2L9H)/datafile_extracted/ramdisk_fs/usr/lib/xtables/libipt_MASQUERADE.so
/home/danielsokil/Lab/HashSource/hashsource_antminer_Lx/bitmain_firmware/FR-1.29(251029-U2L9H)/datafile_extracted/ramdisk_fs/usr/lib/xtables/libipt_NETMAP.so
/home/danielsokil/Lab/HashSource/hashsource_antminer_Lx/bitmain_firmware/FR-1.29(251029-U2L9H)/datafile_extracted/ramdisk_fs/usr/lib/xtables/libipt_REDIRECT.so
/home/danielsokil/Lab/HashSource/hashsource_antminer_Lx/bitmain_firmware/FR-1.29(251029-U2L9H)/datafile_extracted/ramdisk_fs/usr/lib/xtables/libipt_REJECT.so
/home/danielsokil/Lab/HashSource/hashsource_antminer_Lx/bitmain_firmware/FR-1.29(251029-U2L9H)/datafile_extracted/ramdisk_fs/usr/lib/xtables/libipt_SNAT.so
/home/danielsokil/Lab/HashSource/hashsource_antminer_Lx/bitmain_firmware/FR-1.29(251029-U2L9H)/datafile_extracted/ramdisk_fs/usr/lib/xtables/libipt_TTL.so
/home/danielsokil/Lab/HashSource/hashsource_antminer_Lx/bitmain_firmware/FR-1.29(251029-U2L9H)/datafile_extracted/ramdisk_fs/usr/lib/xtables/libipt_ULOG.so
/home/danielsokil/Lab/HashSource/hashsource_antminer_Lx/bitmain_firmware/FR-1.29(251029-U2L9H)/datafile_extracted/ramdisk_fs/usr/lib/xtables/libipt_ah.so
/home/danielsokil/Lab/HashSource/hashsource_antminer_Lx/bitmain_firmware/FR-1.29(251029-U2L9H)/datafile_extracted/ramdisk_fs/usr/lib/xtables/libipt_icmp.so
/home/danielsokil/Lab/HashSource/hashsource_antminer_Lx/bitmain_firmware/FR-1.29(251029-U2L9H)/datafile_extracted/ramdisk_fs/usr/lib/xtables/libipt_realm.so
/home/danielsokil/Lab/HashSource/hashsource_antminer_Lx/bitmain_firmware/FR-1.29(251029-U2L9H)/datafile_extracted/ramdisk_fs/usr/lib/xtables/libipt_ttl.so
/home/danielsokil/Lab/HashSource/hashsource_antminer_Lx/bitmain_firmware/FR-1.29(251029-U2L9H)/datafile_extracted/ramdisk_fs/usr/lib/xtables/libxt_AUDIT.so
/home/danielsokil/Lab/HashSource/hashsource_antminer_Lx/bitmain_firmware/FR-1.29(251029-U2L9H)/datafile_extracted/ramdisk_fs/usr/lib/xtables/libxt_CHECKSUM.so
/home/danielsokil/Lab/HashSource/hashsource_antminer_Lx/bitmain_firmware/FR-1.29(251029-U2L9H)/datafile_extracted/ramdisk_fs/usr/lib/xtables/libxt_CLASSIFY.so
/home/danielsokil/Lab/HashSource/hashsource_antminer_Lx/bitmain_firmware/FR-1.29(251029-U2L9H)/datafile_extracted/ramdisk_fs/usr/lib/xtables/libxt_CONNMARK.so
/home/danielsokil/Lab/HashSource/hashsource_antminer_Lx/bitmain_firmware/FR-1.29(251029-U2L9H)/datafile_extracted/ramdisk_fs/usr/lib/xtables/libxt_CONNSECMARK.so
/home/danielsokil/Lab/HashSource/hashsource_antminer_Lx/bitmain_firmware/FR-1.29(251029-U2L9H)/datafile_extracted/ramdisk_fs/usr/lib/xtables/libxt_CT.so
/home/danielsokil/Lab/HashSource/hashsource_antminer_Lx/bitmain_firmware/FR-1.29(251029-U2L9H)/datafile_extracted/ramdisk_fs/usr/lib/xtables/libxt_DSCP.so
/home/danielsokil/Lab/HashSource/hashsource_antminer_Lx/bitmain_firmware/FR-1.29(251029-U2L9H)/datafile_extracted/ramdisk_fs/usr/lib/xtables/libxt_HMARK.so
/home/danielsokil/Lab/HashSource/hashsource_antminer_Lx/bitmain_firmware/FR-1.29(251029-U2L9H)/datafile_extracted/ramdisk_fs/usr/lib/xtables/libxt_IDLETIMER.so
/home/danielsokil/Lab/HashSource/hashsource_antminer_Lx/bitmain_firmware/FR-1.29(251029-U2L9H)/datafile_extracted/ramdisk_fs/usr/lib/xtables/libxt_LED.so
/home/danielsokil/Lab/HashSource/hashsource_antminer_Lx/bitmain_firmware/FR-1.29(251029-U2L9H)/datafile_extracted/ramdisk_fs/usr/lib/xtables/libxt_MARK.so
/home/danielsokil/Lab/HashSource/hashsource_antminer_Lx/bitmain_firmware/FR-1.29(251029-U2L9H)/datafile_extracted/ramdisk_fs/usr/lib/xtables/libxt_NFLOG.so
/home/danielsokil/Lab/HashSource/hashsource_antminer_Lx/bitmain_firmware/FR-1.29(251029-U2L9H)/datafile_extracted/ramdisk_fs/usr/lib/xtables/libxt_NFQUEUE.so
/home/danielsokil/Lab/HashSource/hashsource_antminer_Lx/bitmain_firmware/FR-1.29(251029-U2L9H)/datafile_extracted/ramdisk_fs/usr/lib/xtables/libxt_RATEEST.so
/home/danielsokil/Lab/HashSource/hashsource_antminer_Lx/bitmain_firmware/FR-1.29(251029-U2L9H)/datafile_extracted/ramdisk_fs/usr/lib/xtables/libxt_SECMARK.so
/home/danielsokil/Lab/HashSource/hashsource_antminer_Lx/bitmain_firmware/FR-1.29(251029-U2L9H)/datafile_extracted/ramdisk_fs/usr/lib/xtables/libxt_SET.so
/home/danielsokil/Lab/HashSource/hashsource_antminer_Lx/bitmain_firmware/FR-1.29(251029-U2L9H)/datafile_extracted/ramdisk_fs/usr/lib/xtables/libxt_SYNPROXY.so
/home/danielsokil/Lab/HashSource/hashsource_antminer_Lx/bitmain_firmware/FR-1.29(251029-U2L9H)/datafile_extracted/ramdisk_fs/usr/lib/xtables/libxt_TCPMSS.so
/home/danielsokil/Lab/HashSource/hashsource_antminer_Lx/bitmain_firmware/FR-1.29(251029-U2L9H)/datafile_extracted/ramdisk_fs/usr/lib/xtables/libxt_TCPOPTSTRIP.so
/home/danielsokil/Lab/HashSource/hashsource_antminer_Lx/bitmain_firmware/FR-1.29(251029-U2L9H)/datafile_extracted/ramdisk_fs/usr/lib/xtables/libxt_TEE.so
/home/danielsokil/Lab/HashSource/hashsource_antminer_Lx/bitmain_firmware/FR-1.29(251029-U2L9H)/datafile_extracted/ramdisk_fs/usr/lib/xtables/libxt_TOS.so
/home/danielsokil/Lab/HashSource/hashsource_antminer_Lx/bitmain_firmware/FR-1.29(251029-U2L9H)/datafile_extracted/ramdisk_fs/usr/lib/xtables/libxt_TPROXY.so
/home/danielsokil/Lab/HashSource/hashsource_antminer_Lx/bitmain_firmware/FR-1.29(251029-U2L9H)/datafile_extracted/ramdisk_fs/usr/lib/xtables/libxt_TRACE.so
/home/danielsokil/Lab/HashSource/hashsource_antminer_Lx/bitmain_firmware/FR-1.29(251029-U2L9H)/datafile_extracted/ramdisk_fs/usr/lib/xtables/libxt_addrtype.so
/home/danielsokil/Lab/HashSource/hashsource_antminer_Lx/bitmain_firmware/FR-1.29(251029-U2L9H)/datafile_extracted/ramdisk_fs/usr/lib/xtables/libxt_bpf.so
/home/danielsokil/Lab/HashSource/hashsource_antminer_Lx/bitmain_firmware/FR-1.29(251029-U2L9H)/datafile_extracted/ramdisk_fs/usr/lib/xtables/libxt_cgroup.so
/home/danielsokil/Lab/HashSource/hashsource_antminer_Lx/bitmain_firmware/FR-1.29(251029-U2L9H)/datafile_extracted/ramdisk_fs/usr/lib/xtables/libxt_cluster.so
/home/danielsokil/Lab/HashSource/hashsource_antminer_Lx/bitmain_firmware/FR-1.29(251029-U2L9H)/datafile_extracted/ramdisk_fs/usr/lib/xtables/libxt_comment.so
/home/danielsokil/Lab/HashSource/hashsource_antminer_Lx/bitmain_firmware/FR-1.29(251029-U2L9H)/datafile_extracted/ramdisk_fs/usr/lib/xtables/libxt_connbytes.so
/home/danielsokil/Lab/HashSource/hashsource_antminer_Lx/bitmain_firmware/FR-1.29(251029-U2L9H)/datafile_extracted/ramdisk_fs/usr/lib/xtables/libxt_connlimit.so
/home/danielsokil/Lab/HashSource/hashsource_antminer_Lx/bitmain_firmware/FR-1.29(251029-U2L9H)/datafile_extracted/ramdisk_fs/usr/lib/xtables/libxt_connmark.so
/home/danielsokil/Lab/HashSource/hashsource_antminer_Lx/bitmain_firmware/FR-1.29(251029-U2L9H)/datafile_extracted/ramdisk_fs/usr/lib/xtables/libxt_conntrack.so
/home/danielsokil/Lab/HashSource/hashsource_antminer_Lx/bitmain_firmware/FR-1.29(251029-U2L9H)/datafile_extracted/ramdisk_fs/usr/lib/xtables/libxt_cpu.so
/home/danielsokil/Lab/HashSource/hashsource_antminer_Lx/bitmain_firmware/FR-1.29(251029-U2L9H)/datafile_extracted/ramdisk_fs/usr/lib/xtables/libxt_dccp.so
/home/danielsokil/Lab/HashSource/hashsource_antminer_Lx/bitmain_firmware/FR-1.29(251029-U2L9H)/datafile_extracted/ramdisk_fs/usr/lib/xtables/libxt_devgroup.so
/home/danielsokil/Lab/HashSource/hashsource_antminer_Lx/bitmain_firmware/FR-1.29(251029-U2L9H)/datafile_extracted/ramdisk_fs/usr/lib/xtables/libxt_dscp.so
/home/danielsokil/Lab/HashSource/hashsource_antminer_Lx/bitmain_firmware/FR-1.29(251029-U2L9H)/datafile_extracted/ramdisk_fs/usr/lib/xtables/libxt_ecn.so
/home/danielsokil/Lab/HashSource/hashsource_antminer_Lx/bitmain_firmware/FR-1.29(251029-U2L9H)/datafile_extracted/ramdisk_fs/usr/lib/xtables/libxt_esp.so
/home/danielsokil/Lab/HashSource/hashsource_antminer_Lx/bitmain_firmware/FR-1.29(251029-U2L9H)/datafile_extracted/ramdisk_fs/usr/lib/xtables/libxt_hashlimit.so
/home/danielsokil/Lab/HashSource/hashsource_antminer_Lx/bitmain_firmware/FR-1.29(251029-U2L9H)/datafile_extracted/ramdisk_fs/usr/lib/xtables/libxt_helper.so
/home/danielsokil/Lab/HashSource/hashsource_antminer_Lx/bitmain_firmware/FR-1.29(251029-U2L9H)/datafile_extracted/ramdisk_fs/usr/lib/xtables/libxt_ipcomp.so
/home/danielsokil/Lab/HashSource/hashsource_antminer_Lx/bitmain_firmware/FR-1.29(251029-U2L9H)/datafile_extracted/ramdisk_fs/usr/lib/xtables/libxt_iprange.so
/home/danielsokil/Lab/HashSource/hashsource_antminer_Lx/bitmain_firmware/FR-1.29(251029-U2L9H)/datafile_extracted/ramdisk_fs/usr/lib/xtables/libxt_ipvs.so
/home/danielsokil/Lab/HashSource/hashsource_antminer_Lx/bitmain_firmware/FR-1.29(251029-U2L9H)/datafile_extracted/ramdisk_fs/usr/lib/xtables/libxt_length.so
/home/danielsokil/Lab/HashSource/hashsource_antminer_Lx/bitmain_firmware/FR-1.29(251029-U2L9H)/datafile_extracted/ramdisk_fs/usr/lib/xtables/libxt_limit.so
/home/danielsokil/Lab/HashSource/hashsource_antminer_Lx/bitmain_firmware/FR-1.29(251029-U2L9H)/datafile_extracted/ramdisk_fs/usr/lib/xtables/libxt_mac.so
/home/danielsokil/Lab/HashSource/hashsource_antminer_Lx/bitmain_firmware/FR-1.29(251029-U2L9H)/datafile_extracted/ramdisk_fs/usr/lib/xtables/libxt_mark.so
/home/danielsokil/Lab/HashSource/hashsource_antminer_Lx/bitmain_firmware/FR-1.29(251029-U2L9H)/datafile_extracted/ramdisk_fs/usr/lib/xtables/libxt_multiport.so
/home/danielsokil/Lab/HashSource/hashsource_antminer_Lx/bitmain_firmware/FR-1.29(251029-U2L9H)/datafile_extracted/ramdisk_fs/usr/lib/xtables/libxt_nfacct.so
/home/danielsokil/Lab/HashSource/hashsource_antminer_Lx/bitmain_firmware/FR-1.29(251029-U2L9H)/datafile_extracted/ramdisk_fs/usr/lib/xtables/libxt_osf.so
/home/danielsokil/Lab/HashSource/hashsource_antminer_Lx/bitmain_firmware/FR-1.29(251029-U2L9H)/datafile_extracted/ramdisk_fs/usr/lib/xtables/libxt_owner.so
/home/danielsokil/Lab/HashSource/hashsource_antminer_Lx/bitmain_firmware/FR-1.29(251029-U2L9H)/datafile_extracted/ramdisk_fs/usr/lib/xtables/libxt_physdev.so
/home/danielsokil/Lab/HashSource/hashsource_antminer_Lx/bitmain_firmware/FR-1.29(251029-U2L9H)/datafile_extracted/ramdisk_fs/usr/lib/xtables/libxt_pkttype.so
/home/danielsokil/Lab/HashSource/hashsource_antminer_Lx/bitmain_firmware/FR-1.29(251029-U2L9H)/datafile_extracted/ramdisk_fs/usr/lib/xtables/libxt_policy.so
/home/danielsokil/Lab/HashSource/hashsource_antminer_Lx/bitmain_firmware/FR-1.29(251029-U2L9H)/datafile_extracted/ramdisk_fs/usr/lib/xtables/libxt_quota.so
/home/danielsokil/Lab/HashSource/hashsource_antminer_Lx/bitmain_firmware/FR-1.29(251029-U2L9H)/datafile_extracted/ramdisk_fs/usr/lib/xtables/libxt_rateest.so
/home/danielsokil/Lab/HashSource/hashsource_antminer_Lx/bitmain_firmware/FR-1.29(251029-U2L9H)/datafile_extracted/ramdisk_fs/usr/lib/xtables/libxt_recent.so
/home/danielsokil/Lab/HashSource/hashsource_antminer_Lx/bitmain_firmware/FR-1.29(251029-U2L9H)/datafile_extracted/ramdisk_fs/usr/lib/xtables/libxt_rpfilter.so
/home/danielsokil/Lab/HashSource/hashsource_antminer_Lx/bitmain_firmware/FR-1.29(251029-U2L9H)/datafile_extracted/ramdisk_fs/usr/lib/xtables/libxt_sctp.so
/home/danielsokil/Lab/HashSource/hashsource_antminer_Lx/bitmain_firmware/FR-1.29(251029-U2L9H)/datafile_extracted/ramdisk_fs/usr/lib/xtables/libxt_set.so
/home/danielsokil/Lab/HashSource/hashsource_antminer_Lx/bitmain_firmware/FR-1.29(251029-U2L9H)/datafile_extracted/ramdisk_fs/usr/lib/xtables/libxt_socket.so
/home/danielsokil/Lab/HashSource/hashsource_antminer_Lx/bitmain_firmware/FR-1.29(251029-U2L9H)/datafile_extracted/ramdisk_fs/usr/lib/xtables/libxt_standard.so
/home/danielsokil/Lab/HashSource/hashsource_antminer_Lx/bitmain_firmware/FR-1.29(251029-U2L9H)/datafile_extracted/ramdisk_fs/usr/lib/xtables/libxt_statistic.so
/home/danielsokil/Lab/HashSource/hashsource_antminer_Lx/bitmain_firmware/FR-1.29(251029-U2L9H)/datafile_extracted/ramdisk_fs/usr/lib/xtables/libxt_string.so
/home/danielsokil/Lab/HashSource/hashsource_antminer_Lx/bitmain_firmware/FR-1.29(251029-U2L9H)/datafile_extracted/ramdisk_fs/usr/lib/xtables/libxt_tcp.so
/home/danielsokil/Lab/HashSource/hashsource_antminer_Lx/bitmain_firmware/FR-1.29(251029-U2L9H)/datafile_extracted/ramdisk_fs/usr/lib/xtables/libxt_tcpmss.so
/home/danielsokil/Lab/HashSource/hashsource_antminer_Lx/bitmain_firmware/FR-1.29(251029-U2L9H)/datafile_extracted/ramdisk_fs/usr/lib/xtables/libxt_time.so
/home/danielsokil/Lab/HashSource/hashsource_antminer_Lx/bitmain_firmware/FR-1.29(251029-U2L9H)/datafile_extracted/ramdisk_fs/usr/lib/xtables/libxt_tos.so
/home/danielsokil/Lab/HashSource/hashsource_antminer_Lx/bitmain_firmware/FR-1.29(251029-U2L9H)/datafile_extracted/ramdisk_fs/usr/lib/xtables/libxt_u32.so
/home/danielsokil/Lab/HashSource/hashsource_antminer_Lx/bitmain_firmware/FR-1.29(251029-U2L9H)/datafile_extracted/ramdisk_fs/usr/lib/xtables/libxt_udp.so
/home/danielsokil/Lab/HashSource/hashsource_antminer_Lx/bitmain_firmware/FR-1.29(251029-U2L9H)/datafile_extracted/ramdisk_fs/usr/libexec/sudo/group_file.so
/home/danielsokil/Lab/HashSource/hashsource_antminer_Lx/bitmain_firmware/FR-1.29(251029-U2L9H)/datafile_extracted/ramdisk_fs/usr/libexec/sudo/libsudo_util.so.0.0.0
/home/danielsokil/Lab/HashSource/hashsource_antminer_Lx/bitmain_firmware/FR-1.29(251029-U2L9H)/datafile_extracted/ramdisk_fs/usr/libexec/sudo/sudo_noexec.so
/home/danielsokil/Lab/HashSource/hashsource_antminer_Lx/bitmain_firmware/FR-1.29(251029-U2L9H)/datafile_extracted/ramdisk_fs/usr/libexec/sudo/sudoers.so
/home/danielsokil/Lab/HashSource/hashsource_antminer_Lx/bitmain_firmware/FR-1.29(251029-U2L9H)/datafile_extracted/ramdisk_fs/usr/libexec/sudo/system_group.so
/home/danielsokil/Lab/HashSource/hashsource_antminer_Lx/bitmain_firmware/FR-1.29(251029-U2L9H)/datafile_extracted/ramdisk_fs/usr/sbin/antlogin
/home/danielsokil/Lab/HashSource/hashsource_antminer_Lx/bitmain_firmware/FR-1.29(251029-U2L9H)/datafile_extracted/ramdisk_fs/usr/sbin/avahi-autoipd
/home/danielsokil/Lab/HashSource/hashsource_antminer_Lx/bitmain_firmware/FR-1.29(251029-U2L9H)/datafile_extracted/ramdisk_fs/usr/sbin/avahi-daemon
/home/danielsokil/Lab/HashSource/hashsource_antminer_Lx/bitmain_firmware/FR-1.29(251029-U2L9H)/datafile_extracted/ramdisk_fs/usr/sbin/avahi-dnsconfd
/home/danielsokil/Lab/HashSource/hashsource_antminer_Lx/bitmain_firmware/FR-1.29(251029-U2L9H)/datafile_extracted/ramdisk_fs/usr/sbin/dropbear
/home/danielsokil/Lab/HashSource/hashsource_antminer_Lx/bitmain_firmware/FR-1.29(251029-U2L9H)/datafile_extracted/ramdisk_fs/usr/sbin/eeprog
/home/danielsokil/Lab/HashSource/hashsource_antminer_Lx/bitmain_firmware/FR-1.29(251029-U2L9H)/datafile_extracted/ramdisk_fs/usr/sbin/flash_erase
/home/danielsokil/Lab/HashSource/hashsource_antminer_Lx/bitmain_firmware/FR-1.29(251029-U2L9H)/datafile_extracted/ramdisk_fs/usr/sbin/i2cdetect
/home/danielsokil/Lab/HashSource/hashsource_antminer_Lx/bitmain_firmware/FR-1.29(251029-U2L9H)/datafile_extracted/ramdisk_fs/usr/sbin/i2cdump
/home/danielsokil/Lab/HashSource/hashsource_antminer_Lx/bitmain_firmware/FR-1.29(251029-U2L9H)/datafile_extracted/ramdisk_fs/usr/sbin/i2cget
/home/danielsokil/Lab/HashSource/hashsource_antminer_Lx/bitmain_firmware/FR-1.29(251029-U2L9H)/datafile_extracted/ramdisk_fs/usr/sbin/i2cset
/home/danielsokil/Lab/HashSource/hashsource_antminer_Lx/bitmain_firmware/FR-1.29(251029-U2L9H)/datafile_extracted/ramdisk_fs/usr/sbin/i2ctransfer
/home/danielsokil/Lab/HashSource/hashsource_antminer_Lx/bitmain_firmware/FR-1.29(251029-U2L9H)/datafile_extracted/ramdisk_fs/usr/sbin/lighttpd
/home/danielsokil/Lab/HashSource/hashsource_antminer_Lx/bitmain_firmware/FR-1.29(251029-U2L9H)/datafile_extracted/ramdisk_fs/usr/sbin/lighttpd-angel
/home/danielsokil/Lab/HashSource/hashsource_antminer_Lx/bitmain_firmware/FR-1.29(251029-U2L9H)/datafile_extracted/ramdisk_fs/usr/sbin/mtdinfo
/home/danielsokil/Lab/HashSource/hashsource_antminer_Lx/bitmain_firmware/FR-1.29(251029-U2L9H)/datafile_extracted/ramdisk_fs/usr/sbin/nanddump
/home/danielsokil/Lab/HashSource/hashsource_antminer_Lx/bitmain_firmware/FR-1.29(251029-U2L9H)/datafile_extracted/ramdisk_fs/usr/sbin/nandwrite
/home/danielsokil/Lab/HashSource/hashsource_antminer_Lx/bitmain_firmware/FR-1.29(251029-U2L9H)/datafile_extracted/ramdisk_fs/usr/sbin/ntpd
/home/danielsokil/Lab/HashSource/hashsource_antminer_Lx/bitmain_firmware/FR-1.29(251029-U2L9H)/datafile_extracted/ramdisk_fs/usr/sbin/ubiattach
/home/danielsokil/Lab/HashSource/hashsource_antminer_Lx/bitmain_firmware/FR-1.29(251029-U2L9H)/datafile_extracted/ramdisk_fs/usr/sbin/ubidetach
/home/danielsokil/Lab/HashSource/hashsource_antminer_Lx/bitmain_firmware/FR-1.29(251029-U2L9H)/datafile_extracted/ramdisk_fs/usr/sbin/ubiformat
/home/danielsokil/Lab/HashSource/hashsource_antminer_Lx/bitmain_firmware/FR-1.29(251029-U2L9H)/datafile_extracted/ramdisk_fs/usr/sbin/ubimkvol
/home/danielsokil/Lab/HashSource/hashsource_antminer_Lx/bitmain_firmware/FR-1.29(251029-U2L9H)/datafile_extracted/ramdisk_fs/usr/sbin/ubinfo
/home/danielsokil/Lab/HashSource/hashsource_antminer_Lx/bitmain_firmware/FR-1.29(251029-U2L9H)/datafile_extracted/ramdisk_fs/usr/sbin/ubirmvol
/home/danielsokil/Lab/HashSource/hashsource_antminer_Lx/bitmain_firmware/FR-1.29(251029-U2L9H)/datafile_extracted/ramdisk_fs/usr/sbin/update-daemon
/home/danielsokil/Lab/HashSource/hashsource_antminer_Lx/bitmain_firmware/FR-1.29(251029-U2L9H)/datafile_extracted/ramdisk_fs/usr/sbin/visudo
/home/danielsokil/Lab/HashSource/hashsource_antminer_Lx/bitmain_firmware/FR-1.29(251029-U2L9H)/datafile_extracted/ramdisk_fs/usr/sbin/xtables-legacy-multi
/home/danielsokil/Lab/HashSource/hashsource_antminer_Lx/bitmain_firmware/L7_zhiju_PT1_20211228/single_board_test
/home/danielsokil/Lab/HashSource/hashsource_antminer_Lx/bitmain_firmware/L7_zhiju_PT1_20211228/submit_result
/home/danielsokil/Lab/HashSource/hashsource_antminer_Lx/bitmain_firmware/L7_zhiju_PT1_20211228/uramdisk.no_header.image_extract/bin/busybox
/home/danielsokil/Lab/HashSource/hashsource_antminer_Lx/bitmain_firmware/L7_zhiju_PT1_20211228/uramdisk.no_header.image_extract/lib/libthread_db-1.0.so
/home/danielsokil/Lab/HashSource/hashsource_antminer_Lx/bitmain_firmware/L7_zhiju_PT1_20211228/uramdisk.no_header.image_extract/lib/modules/bitmain_axi.ko
/home/danielsokil/Lab/HashSource/hashsource_antminer_Lx/bitmain_firmware/L7_zhiju_PT1_20211228/uramdisk.no_header.image_extract/lib/modules/fpga_mem_driver.ko
/home/danielsokil/Lab/HashSource/hashsource_antminer_Lx/bitmain_firmware/L7_zhiju_PT1_20211228/uramdisk.no_header.image_extract/lib/modules/lcd12864I_driver.ko
/home/danielsokil/Lab/HashSource/hashsource_antminer_Lx/bitmain_firmware/L7_zhiju_PT1_20211228/uramdisk.no_header.image_extract/sbin/devmem2
/home/danielsokil/Lab/HashSource/hashsource_antminer_Lx/bitmain_firmware/L7_zhiju_PT1_20211228/uramdisk.no_header.image_extract/sbin/halt
/home/danielsokil/Lab/HashSource/hashsource_antminer_Lx/bitmain_firmware/L7_zhiju_PT1_20211228/uramdisk.no_header.image_extract/sbin/id2mac
/home/danielsokil/Lab/HashSource/hashsource_antminer_Lx/bitmain_firmware/L7_zhiju_PT1_20211228/uramdisk.no_header.image_extract/sbin/init
/home/danielsokil/Lab/HashSource/hashsource_antminer_Lx/bitmain_firmware/L7_zhiju_PT1_20211228/uramdisk.no_header.image_extract/sbin/killall5
/home/danielsokil/Lab/HashSource/hashsource_antminer_Lx/bitmain_firmware/L7_zhiju_PT1_20211228/uramdisk.no_header.image_extract/sbin/shutdown
/home/danielsokil/Lab/HashSource/hashsource_antminer_Lx/bitmain_firmware/L7_zhiju_PT1_20211228/uramdisk.no_header.image_extract/usr/bin/bmminer
/home/danielsokil/Lab/HashSource/hashsource_antminer_Lx/bitmain_firmware/L7_zhiju_PT1_20211228/uramdisk.no_header.image_extract/usr/bin/cgminer
/home/danielsokil/Lab/HashSource/hashsource_antminer_Lx/bitmain_firmware/L7_zhiju_PT1_20211228/uramdisk.no_header.image_extract/usr/bin/cgminer-api
/home/danielsokil/Lab/HashSource/hashsource_antminer_Lx/bitmain_firmware/L7_zhiju_PT1_20211228/uramdisk.no_header.image_extract/usr/bin/cvtsudoers
/home/danielsokil/Lab/HashSource/hashsource_antminer_Lx/bitmain_firmware/L7_zhiju_PT1_20211228/uramdisk.no_header.image_extract/usr/bin/gdb
/home/danielsokil/Lab/HashSource/hashsource_antminer_Lx/bitmain_firmware/L7_zhiju_PT1_20211228/uramdisk.no_header.image_extract/usr/bin/gdbserver
/home/danielsokil/Lab/HashSource/hashsource_antminer_Lx/bitmain_firmware/L7_zhiju_PT1_20211228/uramdisk.no_header.image_extract/usr/bin/htop
/home/danielsokil/Lab/HashSource/hashsource_antminer_Lx/bitmain_firmware/L7_zhiju_PT1_20211228/uramdisk.no_header.image_extract/usr/bin/jq
/home/danielsokil/Lab/HashSource/hashsource_antminer_Lx/bitmain_firmware/L7_zhiju_PT1_20211228/uramdisk.no_header.image_extract/usr/bin/kmod
/home/danielsokil/Lab/HashSource/hashsource_antminer_Lx/bitmain_firmware/L7_zhiju_PT1_20211228/uramdisk.no_header.image_extract/usr/bin/monitor-ipsig
/home/danielsokil/Lab/HashSource/hashsource_antminer_Lx/bitmain_firmware/L7_zhiju_PT1_20211228/uramdisk.no_header.image_extract/usr/bin/monitor-recobtn
/home/danielsokil/Lab/HashSource/hashsource_antminer_Lx/bitmain_firmware/L7_zhiju_PT1_20211228/uramdisk.no_header.image_extract/usr/bin/ntpdate
/home/danielsokil/Lab/HashSource/hashsource_antminer_Lx/bitmain_firmware/L7_zhiju_PT1_20211228/uramdisk.no_header.image_extract/usr/bin/openssl
/home/danielsokil/Lab/HashSource/hashsource_antminer_Lx/bitmain_firmware/L7_zhiju_PT1_20211228/uramdisk.no_header.image_extract/usr/bin/sudo
/home/danielsokil/Lab/HashSource/hashsource_antminer_Lx/bitmain_firmware/L7_zhiju_PT1_20211228/uramdisk.no_header.image_extract/usr/bin/sudoreplay
/home/danielsokil/Lab/HashSource/hashsource_antminer_Lx/bitmain_firmware/L7_zhiju_PT1_20211228/uramdisk.no_header.image_extract/usr/bin/xmlwf
/home/danielsokil/Lab/HashSource/hashsource_antminer_Lx/bitmain_firmware/L7_zhiju_PT1_20211228/uramdisk.no_header.image_extract/usr/lib/libaio.so.1.0.1
/home/danielsokil/Lab/HashSource/hashsource_antminer_Lx/bitmain_firmware/L7_zhiju_PT1_20211228/uramdisk.no_header.image_extract/usr/lib/libavahi-common.so.3.5.3
/home/danielsokil/Lab/HashSource/hashsource_antminer_Lx/bitmain_firmware/L7_zhiju_PT1_20211228/uramdisk.no_header.image_extract/usr/lib/libavahi-core.so.7.0.2
/home/danielsokil/Lab/HashSource/hashsource_antminer_Lx/bitmain_firmware/L7_zhiju_PT1_20211228/uramdisk.no_header.image_extract/usr/lib/libcrypto.so.1.1
/home/danielsokil/Lab/HashSource/hashsource_antminer_Lx/bitmain_firmware/L7_zhiju_PT1_20211228/uramdisk.no_header.image_extract/usr/lib/libdaemon.so.0.5.0
/home/danielsokil/Lab/HashSource/hashsource_antminer_Lx/bitmain_firmware/L7_zhiju_PT1_20211228/uramdisk.no_header.image_extract/usr/lib/libevent-2.1.so.6.0.2
/home/danielsokil/Lab/HashSource/hashsource_antminer_Lx/bitmain_firmware/L7_zhiju_PT1_20211228/uramdisk.no_header.image_extract/usr/lib/libevent_core-2.1.so.6.0.2
/home/danielsokil/Lab/HashSource/hashsource_antminer_Lx/bitmain_firmware/L7_zhiju_PT1_20211228/uramdisk.no_header.image_extract/usr/lib/libevent_extra-2.1.so.6.0.2
/home/danielsokil/Lab/HashSource/hashsource_antminer_Lx/bitmain_firmware/L7_zhiju_PT1_20211228/uramdisk.no_header.image_extract/usr/lib/libevent_openssl-2.1.so.6.0.2
/home/danielsokil/Lab/HashSource/hashsource_antminer_Lx/bitmain_firmware/L7_zhiju_PT1_20211228/uramdisk.no_header.image_extract/usr/lib/libevent_pthreads-2.1.so.6.0.2
/home/danielsokil/Lab/HashSource/hashsource_antminer_Lx/bitmain_firmware/L7_zhiju_PT1_20211228/uramdisk.no_header.image_extract/usr/lib/libexpat.so.1.6.10
/home/danielsokil/Lab/HashSource/hashsource_antminer_Lx/bitmain_firmware/L7_zhiju_PT1_20211228/uramdisk.no_header.image_extract/usr/lib/libform.so.6.1
/home/danielsokil/Lab/HashSource/hashsource_antminer_Lx/bitmain_firmware/L7_zhiju_PT1_20211228/uramdisk.no_header.image_extract/usr/lib/libi2c.so.0.1.1
/home/danielsokil/Lab/HashSource/hashsource_antminer_Lx/bitmain_firmware/L7_zhiju_PT1_20211228/uramdisk.no_header.image_extract/usr/lib/libip4tc.so.2.0.0
/home/danielsokil/Lab/HashSource/hashsource_antminer_Lx/bitmain_firmware/L7_zhiju_PT1_20211228/uramdisk.no_header.image_extract/usr/lib/libip6tc.so.2.0.0
/home/danielsokil/Lab/HashSource/hashsource_antminer_Lx/bitmain_firmware/L7_zhiju_PT1_20211228/uramdisk.no_header.image_extract/usr/lib/libiptc.so.0.0.0
/home/danielsokil/Lab/HashSource/hashsource_antminer_Lx/bitmain_firmware/L7_zhiju_PT1_20211228/uramdisk.no_header.image_extract/usr/lib/libjq.so.1.0.4
/home/danielsokil/Lab/HashSource/hashsource_antminer_Lx/bitmain_firmware/L7_zhiju_PT1_20211228/uramdisk.no_header.image_extract/usr/lib/libkmod.so.2.3.3
/home/danielsokil/Lab/HashSource/hashsource_antminer_Lx/bitmain_firmware/L7_zhiju_PT1_20211228/uramdisk.no_header.image_extract/usr/lib/libmenu.so.6.1
/home/danielsokil/Lab/HashSource/hashsource_antminer_Lx/bitmain_firmware/L7_zhiju_PT1_20211228/uramdisk.no_header.image_extract/usr/lib/libncurses.so.6.1
/home/danielsokil/Lab/HashSource/hashsource_antminer_Lx/bitmain_firmware/L7_zhiju_PT1_20211228/uramdisk.no_header.image_extract/usr/lib/libpanel.so.6.1
/home/danielsokil/Lab/HashSource/hashsource_antminer_Lx/bitmain_firmware/L7_zhiju_PT1_20211228/uramdisk.no_header.image_extract/usr/lib/libssl.so.1.1
/home/danielsokil/Lab/HashSource/hashsource_antminer_Lx/bitmain_firmware/L7_zhiju_PT1_20211228/uramdisk.no_header.image_extract/usr/lib/libxtables.so.12.2.0
/home/danielsokil/Lab/HashSource/hashsource_antminer_Lx/bitmain_firmware/L7_zhiju_PT1_20211228/uramdisk.no_header.image_extract/usr/lib/libz.so.1.2.11
/home/danielsokil/Lab/HashSource/hashsource_antminer_Lx/bitmain_firmware/L7_zhiju_PT1_20211228/uramdisk.no_header.image_extract/usr/lib/lighttpd/mod_access.so
/home/danielsokil/Lab/HashSource/hashsource_antminer_Lx/bitmain_firmware/L7_zhiju_PT1_20211228/uramdisk.no_header.image_extract/usr/lib/lighttpd/mod_accesslog.so
/home/danielsokil/Lab/HashSource/hashsource_antminer_Lx/bitmain_firmware/L7_zhiju_PT1_20211228/uramdisk.no_header.image_extract/usr/lib/lighttpd/mod_alias.so
/home/danielsokil/Lab/HashSource/hashsource_antminer_Lx/bitmain_firmware/L7_zhiju_PT1_20211228/uramdisk.no_header.image_extract/usr/lib/lighttpd/mod_auth.so
/home/danielsokil/Lab/HashSource/hashsource_antminer_Lx/bitmain_firmware/L7_zhiju_PT1_20211228/uramdisk.no_header.image_extract/usr/lib/lighttpd/mod_cgi.so
/home/danielsokil/Lab/HashSource/hashsource_antminer_Lx/bitmain_firmware/L7_zhiju_PT1_20211228/uramdisk.no_header.image_extract/usr/lib/lighttpd/mod_cml.so
/home/danielsokil/Lab/HashSource/hashsource_antminer_Lx/bitmain_firmware/L7_zhiju_PT1_20211228/uramdisk.no_header.image_extract/usr/lib/lighttpd/mod_compress.so
/home/danielsokil/Lab/HashSource/hashsource_antminer_Lx/bitmain_firmware/L7_zhiju_PT1_20211228/uramdisk.no_header.image_extract/usr/lib/lighttpd/mod_dirlisting.so
/home/danielsokil/Lab/HashSource/hashsource_antminer_Lx/bitmain_firmware/L7_zhiju_PT1_20211228/uramdisk.no_header.image_extract/usr/lib/lighttpd/mod_evasive.so
/home/danielsokil/Lab/HashSource/hashsource_antminer_Lx/bitmain_firmware/L7_zhiju_PT1_20211228/uramdisk.no_header.image_extract/usr/lib/lighttpd/mod_evhost.so
/home/danielsokil/Lab/HashSource/hashsource_antminer_Lx/bitmain_firmware/L7_zhiju_PT1_20211228/uramdisk.no_header.image_extract/usr/lib/lighttpd/mod_expire.so
/home/danielsokil/Lab/HashSource/hashsource_antminer_Lx/bitmain_firmware/L7_zhiju_PT1_20211228/uramdisk.no_header.image_extract/usr/lib/lighttpd/mod_extforward.so
/home/danielsokil/Lab/HashSource/hashsource_antminer_Lx/bitmain_firmware/L7_zhiju_PT1_20211228/uramdisk.no_header.image_extract/usr/lib/lighttpd/mod_fastcgi.so
/home/danielsokil/Lab/HashSource/hashsource_antminer_Lx/bitmain_firmware/L7_zhiju_PT1_20211228/uramdisk.no_header.image_extract/usr/lib/lighttpd/mod_flv_streaming.so
/home/danielsokil/Lab/HashSource/hashsource_antminer_Lx/bitmain_firmware/L7_zhiju_PT1_20211228/uramdisk.no_header.image_extract/usr/lib/lighttpd/mod_indexfile.so
/home/danielsokil/Lab/HashSource/hashsource_antminer_Lx/bitmain_firmware/L7_zhiju_PT1_20211228/uramdisk.no_header.image_extract/usr/lib/lighttpd/mod_magnet.so
/home/danielsokil/Lab/HashSource/hashsource_antminer_Lx/bitmain_firmware/L7_zhiju_PT1_20211228/uramdisk.no_header.image_extract/usr/lib/lighttpd/mod_mysql_vhost.so
/home/danielsokil/Lab/HashSource/hashsource_antminer_Lx/bitmain_firmware/L7_zhiju_PT1_20211228/uramdisk.no_header.image_extract/usr/lib/lighttpd/mod_proxy.so
/home/danielsokil/Lab/HashSource/hashsource_antminer_Lx/bitmain_firmware/L7_zhiju_PT1_20211228/uramdisk.no_header.image_extract/usr/lib/lighttpd/mod_redirect.so
/home/danielsokil/Lab/HashSource/hashsource_antminer_Lx/bitmain_firmware/L7_zhiju_PT1_20211228/uramdisk.no_header.image_extract/usr/lib/lighttpd/mod_rewrite.so
/home/danielsokil/Lab/HashSource/hashsource_antminer_Lx/bitmain_firmware/L7_zhiju_PT1_20211228/uramdisk.no_header.image_extract/usr/lib/lighttpd/mod_rrdtool.so
/home/danielsokil/Lab/HashSource/hashsource_antminer_Lx/bitmain_firmware/L7_zhiju_PT1_20211228/uramdisk.no_header.image_extract/usr/lib/lighttpd/mod_scgi.so
/home/danielsokil/Lab/HashSource/hashsource_antminer_Lx/bitmain_firmware/L7_zhiju_PT1_20211228/uramdisk.no_header.image_extract/usr/lib/lighttpd/mod_secdownload.so
/home/danielsokil/Lab/HashSource/hashsource_antminer_Lx/bitmain_firmware/L7_zhiju_PT1_20211228/uramdisk.no_header.image_extract/usr/lib/lighttpd/mod_setenv.so
/home/danielsokil/Lab/HashSource/hashsource_antminer_Lx/bitmain_firmware/L7_zhiju_PT1_20211228/uramdisk.no_header.image_extract/usr/lib/lighttpd/mod_simple_vhost.so
/home/danielsokil/Lab/HashSource/hashsource_antminer_Lx/bitmain_firmware/L7_zhiju_PT1_20211228/uramdisk.no_header.image_extract/usr/lib/lighttpd/mod_ssi.so
/home/danielsokil/Lab/HashSource/hashsource_antminer_Lx/bitmain_firmware/L7_zhiju_PT1_20211228/uramdisk.no_header.image_extract/usr/lib/lighttpd/mod_staticfile.so
/home/danielsokil/Lab/HashSource/hashsource_antminer_Lx/bitmain_firmware/L7_zhiju_PT1_20211228/uramdisk.no_header.image_extract/usr/lib/lighttpd/mod_status.so
/home/danielsokil/Lab/HashSource/hashsource_antminer_Lx/bitmain_firmware/L7_zhiju_PT1_20211228/uramdisk.no_header.image_extract/usr/lib/lighttpd/mod_trigger_b4_dl.so
/home/danielsokil/Lab/HashSource/hashsource_antminer_Lx/bitmain_firmware/L7_zhiju_PT1_20211228/uramdisk.no_header.image_extract/usr/lib/lighttpd/mod_userdir.so
/home/danielsokil/Lab/HashSource/hashsource_antminer_Lx/bitmain_firmware/L7_zhiju_PT1_20211228/uramdisk.no_header.image_extract/usr/lib/lighttpd/mod_usertrack.so
/home/danielsokil/Lab/HashSource/hashsource_antminer_Lx/bitmain_firmware/L7_zhiju_PT1_20211228/uramdisk.no_header.image_extract/usr/lib/lighttpd/mod_webdav.so
/home/danielsokil/Lab/HashSource/hashsource_antminer_Lx/bitmain_firmware/L7_zhiju_PT1_20211228/uramdisk.no_header.image_extract/usr/lib/xtables/libip6t_DNAT.so
/home/danielsokil/Lab/HashSource/hashsource_antminer_Lx/bitmain_firmware/L7_zhiju_PT1_20211228/uramdisk.no_header.image_extract/usr/lib/xtables/libip6t_DNPT.so
/home/danielsokil/Lab/HashSource/hashsource_antminer_Lx/bitmain_firmware/L7_zhiju_PT1_20211228/uramdisk.no_header.image_extract/usr/lib/xtables/libip6t_HL.so
/home/danielsokil/Lab/HashSource/hashsource_antminer_Lx/bitmain_firmware/L7_zhiju_PT1_20211228/uramdisk.no_header.image_extract/usr/lib/xtables/libip6t_LOG.so
/home/danielsokil/Lab/HashSource/hashsource_antminer_Lx/bitmain_firmware/L7_zhiju_PT1_20211228/uramdisk.no_header.image_extract/usr/lib/xtables/libip6t_MASQUERADE.so
/home/danielsokil/Lab/HashSource/hashsource_antminer_Lx/bitmain_firmware/L7_zhiju_PT1_20211228/uramdisk.no_header.image_extract/usr/lib/xtables/libip6t_NETMAP.so
/home/danielsokil/Lab/HashSource/hashsource_antminer_Lx/bitmain_firmware/L7_zhiju_PT1_20211228/uramdisk.no_header.image_extract/usr/lib/xtables/libip6t_REDIRECT.so
/home/danielsokil/Lab/HashSource/hashsource_antminer_Lx/bitmain_firmware/L7_zhiju_PT1_20211228/uramdisk.no_header.image_extract/usr/lib/xtables/libip6t_REJECT.so
/home/danielsokil/Lab/HashSource/hashsource_antminer_Lx/bitmain_firmware/L7_zhiju_PT1_20211228/uramdisk.no_header.image_extract/usr/lib/xtables/libip6t_SNAT.so
/home/danielsokil/Lab/HashSource/hashsource_antminer_Lx/bitmain_firmware/L7_zhiju_PT1_20211228/uramdisk.no_header.image_extract/usr/lib/xtables/libip6t_SNPT.so
/home/danielsokil/Lab/HashSource/hashsource_antminer_Lx/bitmain_firmware/L7_zhiju_PT1_20211228/uramdisk.no_header.image_extract/usr/lib/xtables/libip6t_ah.so
/home/danielsokil/Lab/HashSource/hashsource_antminer_Lx/bitmain_firmware/L7_zhiju_PT1_20211228/uramdisk.no_header.image_extract/usr/lib/xtables/libip6t_dst.so
/home/danielsokil/Lab/HashSource/hashsource_antminer_Lx/bitmain_firmware/L7_zhiju_PT1_20211228/uramdisk.no_header.image_extract/usr/lib/xtables/libip6t_eui64.so
/home/danielsokil/Lab/HashSource/hashsource_antminer_Lx/bitmain_firmware/L7_zhiju_PT1_20211228/uramdisk.no_header.image_extract/usr/lib/xtables/libip6t_frag.so
/home/danielsokil/Lab/HashSource/hashsource_antminer_Lx/bitmain_firmware/L7_zhiju_PT1_20211228/uramdisk.no_header.image_extract/usr/lib/xtables/libip6t_hbh.so
/home/danielsokil/Lab/HashSource/hashsource_antminer_Lx/bitmain_firmware/L7_zhiju_PT1_20211228/uramdisk.no_header.image_extract/usr/lib/xtables/libip6t_hl.so
/home/danielsokil/Lab/HashSource/hashsource_antminer_Lx/bitmain_firmware/L7_zhiju_PT1_20211228/uramdisk.no_header.image_extract/usr/lib/xtables/libip6t_icmp6.so
/home/danielsokil/Lab/HashSource/hashsource_antminer_Lx/bitmain_firmware/L7_zhiju_PT1_20211228/uramdisk.no_header.image_extract/usr/lib/xtables/libip6t_ipv6header.so
/home/danielsokil/Lab/HashSource/hashsource_antminer_Lx/bitmain_firmware/L7_zhiju_PT1_20211228/uramdisk.no_header.image_extract/usr/lib/xtables/libip6t_mh.so
/home/danielsokil/Lab/HashSource/hashsource_antminer_Lx/bitmain_firmware/L7_zhiju_PT1_20211228/uramdisk.no_header.image_extract/usr/lib/xtables/libip6t_rt.so
/home/danielsokil/Lab/HashSource/hashsource_antminer_Lx/bitmain_firmware/L7_zhiju_PT1_20211228/uramdisk.no_header.image_extract/usr/lib/xtables/libip6t_srh.so
/home/danielsokil/Lab/HashSource/hashsource_antminer_Lx/bitmain_firmware/L7_zhiju_PT1_20211228/uramdisk.no_header.image_extract/usr/lib/xtables/libipt_CLUSTERIP.so
/home/danielsokil/Lab/HashSource/hashsource_antminer_Lx/bitmain_firmware/L7_zhiju_PT1_20211228/uramdisk.no_header.image_extract/usr/lib/xtables/libipt_DNAT.so
/home/danielsokil/Lab/HashSource/hashsource_antminer_Lx/bitmain_firmware/L7_zhiju_PT1_20211228/uramdisk.no_header.image_extract/usr/lib/xtables/libipt_ECN.so
/home/danielsokil/Lab/HashSource/hashsource_antminer_Lx/bitmain_firmware/L7_zhiju_PT1_20211228/uramdisk.no_header.image_extract/usr/lib/xtables/libipt_LOG.so
/home/danielsokil/Lab/HashSource/hashsource_antminer_Lx/bitmain_firmware/L7_zhiju_PT1_20211228/uramdisk.no_header.image_extract/usr/lib/xtables/libipt_MASQUERADE.so
/home/danielsokil/Lab/HashSource/hashsource_antminer_Lx/bitmain_firmware/L7_zhiju_PT1_20211228/uramdisk.no_header.image_extract/usr/lib/xtables/libipt_NETMAP.so
/home/danielsokil/Lab/HashSource/hashsource_antminer_Lx/bitmain_firmware/L7_zhiju_PT1_20211228/uramdisk.no_header.image_extract/usr/lib/xtables/libipt_REDIRECT.so
/home/danielsokil/Lab/HashSource/hashsource_antminer_Lx/bitmain_firmware/L7_zhiju_PT1_20211228/uramdisk.no_header.image_extract/usr/lib/xtables/libipt_REJECT.so
/home/danielsokil/Lab/HashSource/hashsource_antminer_Lx/bitmain_firmware/L7_zhiju_PT1_20211228/uramdisk.no_header.image_extract/usr/lib/xtables/libipt_SNAT.so
/home/danielsokil/Lab/HashSource/hashsource_antminer_Lx/bitmain_firmware/L7_zhiju_PT1_20211228/uramdisk.no_header.image_extract/usr/lib/xtables/libipt_TTL.so
/home/danielsokil/Lab/HashSource/hashsource_antminer_Lx/bitmain_firmware/L7_zhiju_PT1_20211228/uramdisk.no_header.image_extract/usr/lib/xtables/libipt_ULOG.so
/home/danielsokil/Lab/HashSource/hashsource_antminer_Lx/bitmain_firmware/L7_zhiju_PT1_20211228/uramdisk.no_header.image_extract/usr/lib/xtables/libipt_ah.so
/home/danielsokil/Lab/HashSource/hashsource_antminer_Lx/bitmain_firmware/L7_zhiju_PT1_20211228/uramdisk.no_header.image_extract/usr/lib/xtables/libipt_icmp.so
/home/danielsokil/Lab/HashSource/hashsource_antminer_Lx/bitmain_firmware/L7_zhiju_PT1_20211228/uramdisk.no_header.image_extract/usr/lib/xtables/libipt_realm.so
/home/danielsokil/Lab/HashSource/hashsource_antminer_Lx/bitmain_firmware/L7_zhiju_PT1_20211228/uramdisk.no_header.image_extract/usr/lib/xtables/libipt_ttl.so
/home/danielsokil/Lab/HashSource/hashsource_antminer_Lx/bitmain_firmware/L7_zhiju_PT1_20211228/uramdisk.no_header.image_extract/usr/lib/xtables/libxt_AUDIT.so
/home/danielsokil/Lab/HashSource/hashsource_antminer_Lx/bitmain_firmware/L7_zhiju_PT1_20211228/uramdisk.no_header.image_extract/usr/lib/xtables/libxt_CHECKSUM.so
/home/danielsokil/Lab/HashSource/hashsource_antminer_Lx/bitmain_firmware/L7_zhiju_PT1_20211228/uramdisk.no_header.image_extract/usr/lib/xtables/libxt_CLASSIFY.so
/home/danielsokil/Lab/HashSource/hashsource_antminer_Lx/bitmain_firmware/L7_zhiju_PT1_20211228/uramdisk.no_header.image_extract/usr/lib/xtables/libxt_CONNMARK.so
/home/danielsokil/Lab/HashSource/hashsource_antminer_Lx/bitmain_firmware/L7_zhiju_PT1_20211228/uramdisk.no_header.image_extract/usr/lib/xtables/libxt_CONNSECMARK.so
/home/danielsokil/Lab/HashSource/hashsource_antminer_Lx/bitmain_firmware/L7_zhiju_PT1_20211228/uramdisk.no_header.image_extract/usr/lib/xtables/libxt_CT.so
/home/danielsokil/Lab/HashSource/hashsource_antminer_Lx/bitmain_firmware/L7_zhiju_PT1_20211228/uramdisk.no_header.image_extract/usr/lib/xtables/libxt_DSCP.so
/home/danielsokil/Lab/HashSource/hashsource_antminer_Lx/bitmain_firmware/L7_zhiju_PT1_20211228/uramdisk.no_header.image_extract/usr/lib/xtables/libxt_HMARK.so
/home/danielsokil/Lab/HashSource/hashsource_antminer_Lx/bitmain_firmware/L7_zhiju_PT1_20211228/uramdisk.no_header.image_extract/usr/lib/xtables/libxt_IDLETIMER.so
/home/danielsokil/Lab/HashSource/hashsource_antminer_Lx/bitmain_firmware/L7_zhiju_PT1_20211228/uramdisk.no_header.image_extract/usr/lib/xtables/libxt_LED.so
/home/danielsokil/Lab/HashSource/hashsource_antminer_Lx/bitmain_firmware/L7_zhiju_PT1_20211228/uramdisk.no_header.image_extract/usr/lib/xtables/libxt_MARK.so
/home/danielsokil/Lab/HashSource/hashsource_antminer_Lx/bitmain_firmware/L7_zhiju_PT1_20211228/uramdisk.no_header.image_extract/usr/lib/xtables/libxt_NFLOG.so
/home/danielsokil/Lab/HashSource/hashsource_antminer_Lx/bitmain_firmware/L7_zhiju_PT1_20211228/uramdisk.no_header.image_extract/usr/lib/xtables/libxt_NFQUEUE.so
/home/danielsokil/Lab/HashSource/hashsource_antminer_Lx/bitmain_firmware/L7_zhiju_PT1_20211228/uramdisk.no_header.image_extract/usr/lib/xtables/libxt_RATEEST.so
/home/danielsokil/Lab/HashSource/hashsource_antminer_Lx/bitmain_firmware/L7_zhiju_PT1_20211228/uramdisk.no_header.image_extract/usr/lib/xtables/libxt_SECMARK.so
/home/danielsokil/Lab/HashSource/hashsource_antminer_Lx/bitmain_firmware/L7_zhiju_PT1_20211228/uramdisk.no_header.image_extract/usr/lib/xtables/libxt_SET.so
/home/danielsokil/Lab/HashSource/hashsource_antminer_Lx/bitmain_firmware/L7_zhiju_PT1_20211228/uramdisk.no_header.image_extract/usr/lib/xtables/libxt_SYNPROXY.so
/home/danielsokil/Lab/HashSource/hashsource_antminer_Lx/bitmain_firmware/L7_zhiju_PT1_20211228/uramdisk.no_header.image_extract/usr/lib/xtables/libxt_TCPMSS.so
/home/danielsokil/Lab/HashSource/hashsource_antminer_Lx/bitmain_firmware/L7_zhiju_PT1_20211228/uramdisk.no_header.image_extract/usr/lib/xtables/libxt_TCPOPTSTRIP.so
/home/danielsokil/Lab/HashSource/hashsource_antminer_Lx/bitmain_firmware/L7_zhiju_PT1_20211228/uramdisk.no_header.image_extract/usr/lib/xtables/libxt_TEE.so
/home/danielsokil/Lab/HashSource/hashsource_antminer_Lx/bitmain_firmware/L7_zhiju_PT1_20211228/uramdisk.no_header.image_extract/usr/lib/xtables/libxt_TOS.so
/home/danielsokil/Lab/HashSource/hashsource_antminer_Lx/bitmain_firmware/L7_zhiju_PT1_20211228/uramdisk.no_header.image_extract/usr/lib/xtables/libxt_TPROXY.so
/home/danielsokil/Lab/HashSource/hashsource_antminer_Lx/bitmain_firmware/L7_zhiju_PT1_20211228/uramdisk.no_header.image_extract/usr/lib/xtables/libxt_TRACE.so
/home/danielsokil/Lab/HashSource/hashsource_antminer_Lx/bitmain_firmware/L7_zhiju_PT1_20211228/uramdisk.no_header.image_extract/usr/lib/xtables/libxt_addrtype.so
/home/danielsokil/Lab/HashSource/hashsource_antminer_Lx/bitmain_firmware/L7_zhiju_PT1_20211228/uramdisk.no_header.image_extract/usr/lib/xtables/libxt_bpf.so
/home/danielsokil/Lab/HashSource/hashsource_antminer_Lx/bitmain_firmware/L7_zhiju_PT1_20211228/uramdisk.no_header.image_extract/usr/lib/xtables/libxt_cgroup.so
/home/danielsokil/Lab/HashSource/hashsource_antminer_Lx/bitmain_firmware/L7_zhiju_PT1_20211228/uramdisk.no_header.image_extract/usr/lib/xtables/libxt_cluster.so
/home/danielsokil/Lab/HashSource/hashsource_antminer_Lx/bitmain_firmware/L7_zhiju_PT1_20211228/uramdisk.no_header.image_extract/usr/lib/xtables/libxt_comment.so
/home/danielsokil/Lab/HashSource/hashsource_antminer_Lx/bitmain_firmware/L7_zhiju_PT1_20211228/uramdisk.no_header.image_extract/usr/lib/xtables/libxt_connbytes.so
/home/danielsokil/Lab/HashSource/hashsource_antminer_Lx/bitmain_firmware/L7_zhiju_PT1_20211228/uramdisk.no_header.image_extract/usr/lib/xtables/libxt_connlimit.so
/home/danielsokil/Lab/HashSource/hashsource_antminer_Lx/bitmain_firmware/L7_zhiju_PT1_20211228/uramdisk.no_header.image_extract/usr/lib/xtables/libxt_connmark.so
/home/danielsokil/Lab/HashSource/hashsource_antminer_Lx/bitmain_firmware/L7_zhiju_PT1_20211228/uramdisk.no_header.image_extract/usr/lib/xtables/libxt_conntrack.so
/home/danielsokil/Lab/HashSource/hashsource_antminer_Lx/bitmain_firmware/L7_zhiju_PT1_20211228/uramdisk.no_header.image_extract/usr/lib/xtables/libxt_cpu.so
/home/danielsokil/Lab/HashSource/hashsource_antminer_Lx/bitmain_firmware/L7_zhiju_PT1_20211228/uramdisk.no_header.image_extract/usr/lib/xtables/libxt_dccp.so
/home/danielsokil/Lab/HashSource/hashsource_antminer_Lx/bitmain_firmware/L7_zhiju_PT1_20211228/uramdisk.no_header.image_extract/usr/lib/xtables/libxt_devgroup.so
/home/danielsokil/Lab/HashSource/hashsource_antminer_Lx/bitmain_firmware/L7_zhiju_PT1_20211228/uramdisk.no_header.image_extract/usr/lib/xtables/libxt_dscp.so
/home/danielsokil/Lab/HashSource/hashsource_antminer_Lx/bitmain_firmware/L7_zhiju_PT1_20211228/uramdisk.no_header.image_extract/usr/lib/xtables/libxt_ecn.so
/home/danielsokil/Lab/HashSource/hashsource_antminer_Lx/bitmain_firmware/L7_zhiju_PT1_20211228/uramdisk.no_header.image_extract/usr/lib/xtables/libxt_esp.so
/home/danielsokil/Lab/HashSource/hashsource_antminer_Lx/bitmain_firmware/L7_zhiju_PT1_20211228/uramdisk.no_header.image_extract/usr/lib/xtables/libxt_hashlimit.so
/home/danielsokil/Lab/HashSource/hashsource_antminer_Lx/bitmain_firmware/L7_zhiju_PT1_20211228/uramdisk.no_header.image_extract/usr/lib/xtables/libxt_helper.so
/home/danielsokil/Lab/HashSource/hashsource_antminer_Lx/bitmain_firmware/L7_zhiju_PT1_20211228/uramdisk.no_header.image_extract/usr/lib/xtables/libxt_ipcomp.so
/home/danielsokil/Lab/HashSource/hashsource_antminer_Lx/bitmain_firmware/L7_zhiju_PT1_20211228/uramdisk.no_header.image_extract/usr/lib/xtables/libxt_iprange.so
/home/danielsokil/Lab/HashSource/hashsource_antminer_Lx/bitmain_firmware/L7_zhiju_PT1_20211228/uramdisk.no_header.image_extract/usr/lib/xtables/libxt_ipvs.so
/home/danielsokil/Lab/HashSource/hashsource_antminer_Lx/bitmain_firmware/L7_zhiju_PT1_20211228/uramdisk.no_header.image_extract/usr/lib/xtables/libxt_length.so
/home/danielsokil/Lab/HashSource/hashsource_antminer_Lx/bitmain_firmware/L7_zhiju_PT1_20211228/uramdisk.no_header.image_extract/usr/lib/xtables/libxt_limit.so
/home/danielsokil/Lab/HashSource/hashsource_antminer_Lx/bitmain_firmware/L7_zhiju_PT1_20211228/uramdisk.no_header.image_extract/usr/lib/xtables/libxt_mac.so
/home/danielsokil/Lab/HashSource/hashsource_antminer_Lx/bitmain_firmware/L7_zhiju_PT1_20211228/uramdisk.no_header.image_extract/usr/lib/xtables/libxt_mark.so
/home/danielsokil/Lab/HashSource/hashsource_antminer_Lx/bitmain_firmware/L7_zhiju_PT1_20211228/uramdisk.no_header.image_extract/usr/lib/xtables/libxt_multiport.so
/home/danielsokil/Lab/HashSource/hashsource_antminer_Lx/bitmain_firmware/L7_zhiju_PT1_20211228/uramdisk.no_header.image_extract/usr/lib/xtables/libxt_nfacct.so
/home/danielsokil/Lab/HashSource/hashsource_antminer_Lx/bitmain_firmware/L7_zhiju_PT1_20211228/uramdisk.no_header.image_extract/usr/lib/xtables/libxt_osf.so
/home/danielsokil/Lab/HashSource/hashsource_antminer_Lx/bitmain_firmware/L7_zhiju_PT1_20211228/uramdisk.no_header.image_extract/usr/lib/xtables/libxt_owner.so
/home/danielsokil/Lab/HashSource/hashsource_antminer_Lx/bitmain_firmware/L7_zhiju_PT1_20211228/uramdisk.no_header.image_extract/usr/lib/xtables/libxt_physdev.so
/home/danielsokil/Lab/HashSource/hashsource_antminer_Lx/bitmain_firmware/L7_zhiju_PT1_20211228/uramdisk.no_header.image_extract/usr/lib/xtables/libxt_pkttype.so
/home/danielsokil/Lab/HashSource/hashsource_antminer_Lx/bitmain_firmware/L7_zhiju_PT1_20211228/uramdisk.no_header.image_extract/usr/lib/xtables/libxt_policy.so
/home/danielsokil/Lab/HashSource/hashsource_antminer_Lx/bitmain_firmware/L7_zhiju_PT1_20211228/uramdisk.no_header.image_extract/usr/lib/xtables/libxt_quota.so
/home/danielsokil/Lab/HashSource/hashsource_antminer_Lx/bitmain_firmware/L7_zhiju_PT1_20211228/uramdisk.no_header.image_extract/usr/lib/xtables/libxt_rateest.so
/home/danielsokil/Lab/HashSource/hashsource_antminer_Lx/bitmain_firmware/L7_zhiju_PT1_20211228/uramdisk.no_header.image_extract/usr/lib/xtables/libxt_recent.so
/home/danielsokil/Lab/HashSource/hashsource_antminer_Lx/bitmain_firmware/L7_zhiju_PT1_20211228/uramdisk.no_header.image_extract/usr/lib/xtables/libxt_rpfilter.so
/home/danielsokil/Lab/HashSource/hashsource_antminer_Lx/bitmain_firmware/L7_zhiju_PT1_20211228/uramdisk.no_header.image_extract/usr/lib/xtables/libxt_sctp.so
/home/danielsokil/Lab/HashSource/hashsource_antminer_Lx/bitmain_firmware/L7_zhiju_PT1_20211228/uramdisk.no_header.image_extract/usr/lib/xtables/libxt_set.so
/home/danielsokil/Lab/HashSource/hashsource_antminer_Lx/bitmain_firmware/L7_zhiju_PT1_20211228/uramdisk.no_header.image_extract/usr/lib/xtables/libxt_socket.so
/home/danielsokil/Lab/HashSource/hashsource_antminer_Lx/bitmain_firmware/L7_zhiju_PT1_20211228/uramdisk.no_header.image_extract/usr/lib/xtables/libxt_standard.so
/home/danielsokil/Lab/HashSource/hashsource_antminer_Lx/bitmain_firmware/L7_zhiju_PT1_20211228/uramdisk.no_header.image_extract/usr/lib/xtables/libxt_statistic.so
/home/danielsokil/Lab/HashSource/hashsource_antminer_Lx/bitmain_firmware/L7_zhiju_PT1_20211228/uramdisk.no_header.image_extract/usr/lib/xtables/libxt_string.so
/home/danielsokil/Lab/HashSource/hashsource_antminer_Lx/bitmain_firmware/L7_zhiju_PT1_20211228/uramdisk.no_header.image_extract/usr/lib/xtables/libxt_tcp.so
/home/danielsokil/Lab/HashSource/hashsource_antminer_Lx/bitmain_firmware/L7_zhiju_PT1_20211228/uramdisk.no_header.image_extract/usr/lib/xtables/libxt_tcpmss.so
/home/danielsokil/Lab/HashSource/hashsource_antminer_Lx/bitmain_firmware/L7_zhiju_PT1_20211228/uramdisk.no_header.image_extract/usr/lib/xtables/libxt_time.so
/home/danielsokil/Lab/HashSource/hashsource_antminer_Lx/bitmain_firmware/L7_zhiju_PT1_20211228/uramdisk.no_header.image_extract/usr/lib/xtables/libxt_tos.so
/home/danielsokil/Lab/HashSource/hashsource_antminer_Lx/bitmain_firmware/L7_zhiju_PT1_20211228/uramdisk.no_header.image_extract/usr/lib/xtables/libxt_u32.so
/home/danielsokil/Lab/HashSource/hashsource_antminer_Lx/bitmain_firmware/L7_zhiju_PT1_20211228/uramdisk.no_header.image_extract/usr/lib/xtables/libxt_udp.so
/home/danielsokil/Lab/HashSource/hashsource_antminer_Lx/bitmain_firmware/L7_zhiju_PT1_20211228/uramdisk.no_header.image_extract/usr/libexec/sudo/group_file.so
/home/danielsokil/Lab/HashSource/hashsource_antminer_Lx/bitmain_firmware/L7_zhiju_PT1_20211228/uramdisk.no_header.image_extract/usr/libexec/sudo/libsudo_util.so.0.0.0
/home/danielsokil/Lab/HashSource/hashsource_antminer_Lx/bitmain_firmware/L7_zhiju_PT1_20211228/uramdisk.no_header.image_extract/usr/libexec/sudo/sudo_noexec.so
/home/danielsokil/Lab/HashSource/hashsource_antminer_Lx/bitmain_firmware/L7_zhiju_PT1_20211228/uramdisk.no_header.image_extract/usr/libexec/sudo/sudoers.so
/home/danielsokil/Lab/HashSource/hashsource_antminer_Lx/bitmain_firmware/L7_zhiju_PT1_20211228/uramdisk.no_header.image_extract/usr/libexec/sudo/system_group.so
/home/danielsokil/Lab/HashSource/hashsource_antminer_Lx/bitmain_firmware/L7_zhiju_PT1_20211228/uramdisk.no_header.image_extract/usr/sbin/antlogin
/home/danielsokil/Lab/HashSource/hashsource_antminer_Lx/bitmain_firmware/L7_zhiju_PT1_20211228/uramdisk.no_header.image_extract/usr/sbin/avahi-autoipd
/home/danielsokil/Lab/HashSource/hashsource_antminer_Lx/bitmain_firmware/L7_zhiju_PT1_20211228/uramdisk.no_header.image_extract/usr/sbin/avahi-daemon
/home/danielsokil/Lab/HashSource/hashsource_antminer_Lx/bitmain_firmware/L7_zhiju_PT1_20211228/uramdisk.no_header.image_extract/usr/sbin/avahi-dnsconfd
/home/danielsokil/Lab/HashSource/hashsource_antminer_Lx/bitmain_firmware/L7_zhiju_PT1_20211228/uramdisk.no_header.image_extract/usr/sbin/dropbear
/home/danielsokil/Lab/HashSource/hashsource_antminer_Lx/bitmain_firmware/L7_zhiju_PT1_20211228/uramdisk.no_header.image_extract/usr/sbin/eeprog
/home/danielsokil/Lab/HashSource/hashsource_antminer_Lx/bitmain_firmware/L7_zhiju_PT1_20211228/uramdisk.no_header.image_extract/usr/sbin/flash_erase
/home/danielsokil/Lab/HashSource/hashsource_antminer_Lx/bitmain_firmware/L7_zhiju_PT1_20211228/uramdisk.no_header.image_extract/usr/sbin/i2cdetect
/home/danielsokil/Lab/HashSource/hashsource_antminer_Lx/bitmain_firmware/L7_zhiju_PT1_20211228/uramdisk.no_header.image_extract/usr/sbin/i2cdump
/home/danielsokil/Lab/HashSource/hashsource_antminer_Lx/bitmain_firmware/L7_zhiju_PT1_20211228/uramdisk.no_header.image_extract/usr/sbin/i2cget
/home/danielsokil/Lab/HashSource/hashsource_antminer_Lx/bitmain_firmware/L7_zhiju_PT1_20211228/uramdisk.no_header.image_extract/usr/sbin/i2cset
/home/danielsokil/Lab/HashSource/hashsource_antminer_Lx/bitmain_firmware/L7_zhiju_PT1_20211228/uramdisk.no_header.image_extract/usr/sbin/i2ctransfer
/home/danielsokil/Lab/HashSource/hashsource_antminer_Lx/bitmain_firmware/L7_zhiju_PT1_20211228/uramdisk.no_header.image_extract/usr/sbin/lighttpd
/home/danielsokil/Lab/HashSource/hashsource_antminer_Lx/bitmain_firmware/L7_zhiju_PT1_20211228/uramdisk.no_header.image_extract/usr/sbin/lighttpd-angel
/home/danielsokil/Lab/HashSource/hashsource_antminer_Lx/bitmain_firmware/L7_zhiju_PT1_20211228/uramdisk.no_header.image_extract/usr/sbin/mtdinfo
/home/danielsokil/Lab/HashSource/hashsource_antminer_Lx/bitmain_firmware/L7_zhiju_PT1_20211228/uramdisk.no_header.image_extract/usr/sbin/nanddump
/home/danielsokil/Lab/HashSource/hashsource_antminer_Lx/bitmain_firmware/L7_zhiju_PT1_20211228/uramdisk.no_header.image_extract/usr/sbin/nandwrite
/home/danielsokil/Lab/HashSource/hashsource_antminer_Lx/bitmain_firmware/L7_zhiju_PT1_20211228/uramdisk.no_header.image_extract/usr/sbin/ntpd
/home/danielsokil/Lab/HashSource/hashsource_antminer_Lx/bitmain_firmware/L7_zhiju_PT1_20211228/uramdisk.no_header.image_extract/usr/sbin/ubiattach
/home/danielsokil/Lab/HashSource/hashsource_antminer_Lx/bitmain_firmware/L7_zhiju_PT1_20211228/uramdisk.no_header.image_extract/usr/sbin/ubidetach
/home/danielsokil/Lab/HashSource/hashsource_antminer_Lx/bitmain_firmware/L7_zhiju_PT1_20211228/uramdisk.no_header.image_extract/usr/sbin/ubiformat
/home/danielsokil/Lab/HashSource/hashsource_antminer_Lx/bitmain_firmware/L7_zhiju_PT1_20211228/uramdisk.no_header.image_extract/usr/sbin/ubimkvol
/home/danielsokil/Lab/HashSource/hashsource_antminer_Lx/bitmain_firmware/L7_zhiju_PT1_20211228/uramdisk.no_header.image_extract/usr/sbin/ubinfo
/home/danielsokil/Lab/HashSource/hashsource_antminer_Lx/bitmain_firmware/L7_zhiju_PT1_20211228/uramdisk.no_header.image_extract/usr/sbin/ubirmvol
/home/danielsokil/Lab/HashSource/hashsource_antminer_Lx/bitmain_firmware/L7_zhiju_PT1_20211228/uramdisk.no_header.image_extract/usr/sbin/visudo
/home/danielsokil/Lab/HashSource/hashsource_antminer_Lx/bitmain_firmware/L7_zhiju_PT1_20211228/uramdisk.no_header.image_extract/usr/sbin/xtables-legacy-multi
/home/danielsokil/Lab/HashSource/hashsource_antminer_Lx/bitmain_firmware/sd-recover-bmu-L7-fixed-202201241601-release/update.no_header.image_extract/bin/busybox
/home/danielsokil/Lab/HashSource/hashsource_antminer_Lx/bitmain_firmware/sd-recover-bmu-L7-fixed-202201241601-release/update.no_header.image_extract/sbin/halt
/home/danielsokil/Lab/HashSource/hashsource_antminer_Lx/bitmain_firmware/sd-recover-bmu-L7-fixed-202201241601-release/update.no_header.image_extract/sbin/init
/home/danielsokil/Lab/HashSource/hashsource_antminer_Lx/bitmain_firmware/sd-recover-bmu-L7-fixed-202201241601-release/update.no_header.image_extract/sbin/killall5
/home/danielsokil/Lab/HashSource/hashsource_antminer_Lx/bitmain_firmware/sd-recover-bmu-L7-fixed-202201241601-release/update.no_header.image_extract/sbin/shutdown
/home/danielsokil/Lab/HashSource/hashsource_antminer_Lx/bitmain_firmware/sd-recover-bmu-L7-fixed-202201241601-release/update.no_header.image_extract/usr/bin/FileParser
/home/danielsokil/Lab/HashSource/hashsource_antminer_Lx/bitmain_firmware/sd-recover-bmu-L7-fixed-202201241601-release/update.no_header.image_extract/usr/bin/openssl
/home/danielsokil/Lab/HashSource/hashsource_antminer_Lx/bitmain_firmware/sd-recover-bmu-L7-fixed-202201241601-release/update.no_header.image_extract/usr/bin/xmlwf
/home/danielsokil/Lab/HashSource/hashsource_antminer_Lx/bitmain_firmware/sd-recover-bmu-L7-fixed-202201241601-release/update.no_header.image_extract/usr/lib/libaio.so.1.0.1
/home/danielsokil/Lab/HashSource/hashsource_antminer_Lx/bitmain_firmware/sd-recover-bmu-L7-fixed-202201241601-release/update.no_header.image_extract/usr/lib/libcrypto.so.1.1
/home/danielsokil/Lab/HashSource/hashsource_antminer_Lx/bitmain_firmware/sd-recover-bmu-L7-fixed-202201241601-release/update.no_header.image_extract/usr/lib/libdaemon.so.0.5.0
/home/danielsokil/Lab/HashSource/hashsource_antminer_Lx/bitmain_firmware/sd-recover-bmu-L7-fixed-202201241601-release/update.no_header.image_extract/usr/lib/libevent-2.1.so.6.0.2
/home/danielsokil/Lab/HashSource/hashsource_antminer_Lx/bitmain_firmware/sd-recover-bmu-L7-fixed-202201241601-release/update.no_header.image_extract/usr/lib/libevent_core-2.1.so.6.0.2
/home/danielsokil/Lab/HashSource/hashsource_antminer_Lx/bitmain_firmware/sd-recover-bmu-L7-fixed-202201241601-release/update.no_header.image_extract/usr/lib/libevent_extra-2.1.so.6.0.2
/home/danielsokil/Lab/HashSource/hashsource_antminer_Lx/bitmain_firmware/sd-recover-bmu-L7-fixed-202201241601-release/update.no_header.image_extract/usr/lib/libevent_openssl-2.1.so.6.0.2
/home/danielsokil/Lab/HashSource/hashsource_antminer_Lx/bitmain_firmware/sd-recover-bmu-L7-fixed-202201241601-release/update.no_header.image_extract/usr/lib/libevent_pthreads-2.1.so.6.0.2
/home/danielsokil/Lab/HashSource/hashsource_antminer_Lx/bitmain_firmware/sd-recover-bmu-L7-fixed-202201241601-release/update.no_header.image_extract/usr/lib/libexpat.so.1.6.10
/home/danielsokil/Lab/HashSource/hashsource_antminer_Lx/bitmain_firmware/sd-recover-bmu-L7-fixed-202201241601-release/update.no_header.image_extract/usr/lib/libssl.so.1.1
/home/danielsokil/Lab/HashSource/hashsource_antminer_Lx/bitmain_firmware/sd-recover-bmu-L7-fixed-202201241601-release/update.no_header.image_extract/usr/lib/libz.so.1.2.11
/home/danielsokil/Lab/HashSource/hashsource_antminer_Lx/bitmain_firmware/sd-recover-bmu-L7-fixed-202201241601-release/update.no_header.image_extract/usr/sbin/flash_erase
/home/danielsokil/Lab/HashSource/hashsource_antminer_Lx/bitmain_firmware/sd-recover-bmu-L7-fixed-202201241601-release/update.no_header.image_extract/usr/sbin/mtdinfo
/home/danielsokil/Lab/HashSource/hashsource_antminer_Lx/bitmain_firmware/sd-recover-bmu-L7-fixed-202201241601-release/update.no_header.image_extract/usr/sbin/nanddump
/home/danielsokil/Lab/HashSource/hashsource_antminer_Lx/bitmain_firmware/sd-recover-bmu-L7-fixed-202201241601-release/update.no_header.image_extract/usr/sbin/nandwrite
/home/danielsokil/Lab/HashSource/hashsource_antminer_Lx/bitmain_firmware/sd-recover-bmu-L7-fixed-202201241601-release/update.no_header.image_extract/usr/sbin/ubiattach
/home/danielsokil/Lab/HashSource/hashsource_antminer_Lx/bitmain_firmware/sd-recover-bmu-L7-fixed-202201241601-release/update.no_header.image_extract/usr/sbin/ubidetach
/home/danielsokil/Lab/HashSource/hashsource_antminer_Lx/bitmain_firmware/sd-recover-bmu-L7-fixed-202201241601-release/update.no_header.image_extract/usr/sbin/ubiformat
/home/danielsokil/Lab/HashSource/hashsource_antminer_Lx/bitmain_firmware/sd-recover-bmu-L7-fixed-202201241601-release/update.no_header.image_extract/usr/sbin/ubimkvol
/home/danielsokil/Lab/HashSource/hashsource_antminer_Lx/bitmain_firmware/sd-recover-bmu-L7-fixed-202201241601-release/update.no_header.image_extract/usr/sbin/ubinfo
/home/danielsokil/Lab/HashSource/hashsource_antminer_Lx/bitmain_firmware/sd-recover-bmu-L7-fixed-202201241601-release/update.no_header.image_extract/usr/sbin/ubirmvol
